city_id,name,province,country,status
d5c09499-b451-4714-ba75-e480d6c045eb,North Amanda,Louisiana,Niue,Active
4d1f863e-0773-43b1-84cd-62d31a82a6cd,Lake Kevinview,Connecticut,Canada,Active
6ce80e9e-a464-402a-9de8-ff5480eadcdf,East Gregoryburgh,Alabama,Norfolk Island,Active
30592200-dd5e-4cb5-ad14-19f8b11048f2,North Donnaville,California,Ecuador,Inactive
11612325-99bd-4c79-a7f7-83a96e46717d,Michelestad,Minnesota,Iraq,Inactive
c5dd1b54-945a-4033-8e67-955d0ba820d1,Lake Billyburgh,New York,Norfolk Island,Inactive
e775236a-a801-423b-85c4-8c33e525b9ae,Hallfurt,Missouri,Uruguay,Inactive
f1ed0504-df39-4361-8bc7-f00a78d9ff03,Nelsontown,North Carolina,Antarctica (the territory South of 60 deg S),Active
d3bca9f6-bda2-428a-9f73-c29be65c05c3,Danielstad,Massachusetts,Finland,Active
53d73bd9-be66-4959-969f-d25ab343cd03,Melanieton,Michigan,Kazakhstan,Active
23039d0b-b052-4a77-a74c-5b369b0c0519,Robertsland,Maine,South Africa,Active
0d9edef8-e39a-40a4-88b3-af40a9ba8ab4,Manuelmouth,Arkansas,Turkey,Inactive
cfb300e6-d9cb-45f5-8bf1-196039dc88e0,Lake Mark,Virginia,Italy,Inactive
8d26ebc6-888e-40b6-b737-9120c4b917f0,Christinemouth,Indiana,Armenia,Active
95d5c170-3d17-44df-af8a-c19002b8cd6a,West Courtney,Ohio,Vanuatu,Active
c2901e9f-1a12-4e77-98c6-e5084adc20a3,Katelynfort,Wisconsin,Cook Islands,Inactive
7e1d3b8d-974e-44fc-ad7a-d844a85bbeb1,Williamchester,South Dakota,Netherlands Antilles,Inactive
6da8c766-86f1-4116-9707-0f3465fcebb8,Terrytown,Wyoming,Kenya,Inactive
ec18b0eb-8d04-4fff-b0b3-590f98e63d67,South Christine,Pennsylvania,Israel,Active
c8ae4139-c878-471c-baf7-151017c806dd,New Jorgeview,Connecticut,Antigua and Barbuda,Inactive
ac6401ce-dc41-4712-807f-f3a3eb2c1a60,Anthonybury,Alaska,Puerto Rico,Inactive
761d48b1-f5e1-439a-af6f-d755f3912bf5,Jasonville,Pennsylvania,Bangladesh,Active
739bbc6c-5082-4644-9f2c-fa12756d233b,Lake Whitneyside,Illinois,Comoros,Inactive
9360d03c-9c52-4ab7-b524-33f01200dec0,West Carol,Ohio,Thailand,Inactive
fab145fa-e56e-4f45-850d-3fcfb3964fa8,Olsonhaven,Oklahoma,Ecuador,Inactive
772d1d99-a197-4fbe-9acd-e402c2f5ffe1,Lake Edgar,Montana,Finland,Inactive
02cf1055-59e1-4fb2-8abc-aabac9318892,Kennedyfurt,Kentucky,Nepal,Inactive
2eff1833-c97c-40c8-b1ac-131109612c01,West Bryan,South Dakota,Sierra Leone,Active
40f972cd-cfc3-4857-9c47-3472cbd59db6,Larrybury,Indiana,Japan,Inactive
f18812b5-d86e-4116-83cb-7b5446f30cab,North Jasmin,Indiana,Iran,Inactive
7b301386-1edd-42bb-9b22-586129e6628b,Alexborough,North Dakota,Suriname,Active
c9b6ec92-4747-473c-a9e0-b68b1df84405,West Scottview,Oregon,United States Minor Outlying Islands,Inactive
1db5c0c9-4863-468d-b72e-8ed8a17aea9a,Coxstad,Indiana,Dominica,Active
4a060e5e-c023-4a00-ab61-d74e0a3cb0be,West Jenniferside,South Dakota,Nigeria,Active
054ea20a-3165-48ef-9e24-a28279881eba,Port Jessicamouth,Colorado,Brazil,Active
c34cb8ae-df90-46e5-8553-377fa44012a7,North Robert,Massachusetts,United Kingdom,Inactive
b5aed8bb-ac54-46dd-ad8f-2f3516534aa0,Dyerport,Idaho,Mayotte,Inactive
38d295f2-b3e5-402b-85be-e8d6094522fa,New Gary,Florida,Mexico,Inactive
36ef2626-0825-4ee7-9ff3-cd9abfe11ecc,South Hector,Montana,Paraguay,Active
7a78a856-3df8-48d7-b8ab-2558aa5685ed,Riveramouth,Ohio,Angola,Active
5c16239f-637e-4570-9722-f257716827ab,West James,Kentucky,Tajikistan,Active
bdf9aced-f052-4aaf-b50d-bc4acd4766fb,West Aprilside,South Dakota,Macao,Active
f88c3bd5-d92c-489a-9c96-a7de74811a60,New Amanda,Nevada,Heard Island and McDonald Islands,Inactive
dadc7eed-dedc-4e1a-bcd4-e7147345bf46,Roachtown,New Hampshire,Malaysia,Active
99e32177-9460-486f-9d4b-cd8a875eab63,Sparkschester,Montana,Japan,Active
46b0517f-0e0c-4d0b-ac04-4c89f16b7a15,Amandafort,New York,Malaysia,Active
fe1a858d-5288-4c56-ac58-1181b8196097,North Bryan,Utah,Zimbabwe,Inactive
82a8587e-9ca1-4b2f-92d4-0e14db1c9f39,New Staceystad,Iowa,Sao Tome and Principe,Inactive
fbf8944a-d549-401e-b9c9-60e8b376d233,South Rubenstad,New York,British Indian Ocean Territory (Chagos Archipelago),Active
a18041fc-67ab-4160-839e-e16ef3127153,New Juanbury,Delaware,Bangladesh,Inactive
d9ba74d8-5d4a-4759-888e-472758ad6ce7,Mclaughlinland,Alaska,Netherlands,Active
0b98d619-0baf-4365-8e76-7aca2012f050,Lake Jonathantown,South Carolina,Ethiopia,Active
eb345306-95f4-44c4-b71d-6c5c614a8590,Ronaldbury,California,French Southern Territories,Inactive
679d1f7e-079d-43bf-ae97-9fa4a84c2ca8,New Linda,Montana,Thailand,Active
02761802-6f13-46a1-b323-ce345b05c026,Holtmouth,Louisiana,Syrian Arab Republic,Inactive
7ac311a5-722a-4e06-8cfd-cf3982f7826f,Perkinsmouth,Michigan,Belarus,Inactive
04436523-437b-4499-963a-ed09172cfa3b,Nicoleville,Minnesota,Ukraine,Active
be50e0c9-aee2-4d10-88f3-0e87c4157944,New Yeseniatown,Montana,Turks and Caicos Islands,Inactive
6b2d7820-2626-4f45-b20b-c0375affd421,Lake Wanda,Idaho,Belize,Inactive
636d6744-47f4-4737-b0e1-7c4dd5afda51,Vanessabury,Wyoming,Venezuela,Active
38f1f832-9215-42fe-98be-e11924427fd1,New Marcus,Alaska,Algeria,Active
4b517cf8-d5ff-4e67-a114-b4b03459bec8,Ayalaland,Hawaii,Honduras,Active
08b0bbad-be9a-4510-beaa-fdef08bdd197,New Frank,Missouri,Belgium,Active
2a23ba31-4182-422b-8741-541a0c8f14aa,Mullenport,Nevada,Nepal,Active
a05b917c-14d5-4131-b702-b07354ff04a2,Danielhaven,Pennsylvania,Japan,Active
e9fc7eaa-2bce-4916-92d5-a362927c1528,Port Jacquelineville,Indiana,Comoros,Active
e493a90e-ef7e-434f-b0da-16eb99ca8dc5,South Maureenburgh,Vermont,Botswana,Inactive
23881819-1969-4bc3-be7a-2477ae466895,South Benjaminfurt,Nevada,Hong Kong,Inactive
d86d472b-6614-4a2f-9333-75b9c473eb4a,Dennisview,Georgia,Norfolk Island,Inactive
2c4ad951-0904-41cb-9705-0dcc7246f915,South Christopherburgh,New York,Bahrain,Active
592a4e6b-a251-418f-96ad-38acd05ab1d3,North Dean,Oregon,Eritrea,Active
57976be3-a3bb-4ac6-9016-53964c9e2e5b,Jordanmouth,Montana,Brunei Darussalam,Inactive
820b32dd-5aab-46e0-87b1-27fe754e5960,Lake Peter,Hawaii,Denmark,Inactive
f29fd4d9-3b05-4471-a7c9-c2a15fa800da,Stewartville,Nebraska,Maldives,Active
3868f96a-09c3-4706-a8bb-c337422c9c53,East Shellyfort,Arizona,Sierra Leone,Active
511179e8-641e-48cb-87e8-322179c8ef88,Williamstown,Arizona,Puerto Rico,Active
c5350fff-5994-42da-90b3-5965e4ae6366,Stewartchester,Colorado,Australia,Active
02a91c95-a5af-4cb0-b1a0-80c438160a44,Francofort,Florida,Iceland,Active
92065b9a-f10f-49d9-a45b-208c6a30faff,Jacobhaven,Maine,Sri Lanka,Active
3912ba17-e859-4b7a-949d-5e707c4e9b03,Waltersview,Arkansas,Peru,Active
b7669fdb-4925-40be-b2a5-d5e3b7478e31,Brownberg,New Mexico,Botswana,Inactive
97cf9a56-7d40-4188-900c-96543dd62efc,East Veronica,Michigan,Jersey,Active
f5f02618-6da4-4d31-9d5a-8786f750436b,East Christineborough,Georgia,French Guiana,Active
e108c96d-5466-4f0c-9a9f-f60e93a9cd7e,Kurtchester,Kansas,Marshall Islands,Inactive
9bdbbc2e-b8b2-4bd7-809b-c5b5e9d49522,Port Brooke,Texas,Falkland Islands (Malvinas),Inactive
5dd9d602-e469-48b2-9dd6-38151684102b,Port Rebeccaport,Kansas,Belize,Inactive
7e8c71bb-9d49-48ef-86ed-d8956f096124,West Alexander,Tennessee,Lao People's Democratic Republic,Inactive
16b03422-9521-4285-b742-b60db6b0b338,Lake Michael,South Dakota,Slovenia,Active
aef4ad89-03c1-428d-b58f-4938048784ee,North Josephfort,California,Samoa,Active
f886c125-9e95-4012-a827-819994968ae6,Port Jenniferville,Kentucky,Kazakhstan,Active
fdc0ab4d-4b88-479e-8f79-4ed4f5013d02,Middletonchester,Washington,Kenya,Inactive
6aed71ae-a337-4ef1-8512-f1cf629e463c,East Amberhaven,Vermont,Poland,Active
e8311b23-878c-430c-81be-6f0640c784e5,Wrightton,Massachusetts,Guyana,Inactive
71f6d682-e3ca-4075-a1e9-aec3d46b23ae,Hendersonfort,Colorado,Luxembourg,Active
0e07223e-953b-4edf-99f1-583a849cb0d5,South Paul,Minnesota,Angola,Active
283c2335-6cb6-44ae-beda-8fdea4a8012b,Shelbyport,Wyoming,Cameroon,Inactive
cd4efa0f-6f68-4dbe-ab7b-629421d348d7,East Mark,Kentucky,Greece,Inactive
2491dacd-a7a0-41b7-a1b6-bb8b45a9cee4,Michealfort,Virginia,Bahamas,Inactive
85981aad-6027-42c5-b045-446b4db10c90,Thompsonside,Texas,Mongolia,Inactive
22c89f0a-f1a2-40f2-be38-5cf60d4cdb49,Mirandashire,Iowa,British Indian Ocean Territory (Chagos Archipelago),Inactive
af07b10b-4a07-4186-b82a-9788c3db3a7f,Perezberg,Iowa,Martinique,Active
24ffea08-7ae0-4852-a7c1-8d9213485701,Angelafort,Alaska,Aruba,Inactive
8d6c7611-0ffa-446b-ba82-0f2e3ff33c0b,Snyderberg,Arizona,Nicaragua,Active
975d1216-080b-40c4-ba9f-52e8ef1f60c5,Suttonborough,Hawaii,Luxembourg,Active
1e39eccc-96aa-4f78-b026-94c8e4fdbac2,Mitchellland,Missouri,Liberia,Inactive
3b511978-d517-415c-befc-f79a967ad3de,South Williammouth,New Jersey,Turks and Caicos Islands,Inactive
ecdf600c-47cc-440d-b320-ad7af997951d,Vegaborough,Kansas,Rwanda,Active
62675b30-c8a7-4e91-9d63-1b8e1822d45a,Lake Michaelhaven,Pennsylvania,Central African Republic,Inactive
6f9ede72-6514-4aed-a340-12ba7424a351,Leahfurt,Mississippi,Yemen,Inactive
c00c9b4e-0c60-4648-8b98-d5641afb5b46,South Michelle,Montana,Montenegro,Inactive
2af0f16f-3938-4c8a-aac0-1b5638a9a944,Petersport,Maryland,Guernsey,Active
c114d282-3be7-4f07-bd8a-4a4631159a46,West Jeremy,Mississippi,Nigeria,Inactive
3973821f-cf8d-4c7a-b32f-2693c0dd96ad,New Heather,Rhode Island,Mongolia,Active
484199e4-fd75-4df7-9e93-389e65544eec,Port Carlmouth,Wyoming,Fiji,Inactive
db434f7c-a387-44ea-9864-b12b9f6b1672,Michaelberg,Wisconsin,Jamaica,Active
3e7cfc0e-7c7d-43d6-ace6-9ba1fd7dc389,Robertside,Massachusetts,Germany,Active
d432b65e-7902-4ffb-b4e6-dc3f84ad089f,Sotostad,Wisconsin,French Southern Territories,Active
ad543d8e-2863-4884-8213-9aa33f1799a2,Jacksonville,Alaska,Lebanon,Active
ebf29853-021c-4959-bf4a-a6bedd219a02,Fullerside,Idaho,Timor-Leste,Inactive
74b14875-6084-42eb-999e-ce779c7b5b19,South Timothyfort,Louisiana,Gabon,Active
1c779c8c-8905-44b3-9d2a-54936802b617,Cordovaburgh,New Hampshire,Saint Lucia,Active
f44ea55c-dd92-4b9e-b4ed-befe6d6327d2,East Elijah,Pennsylvania,Saint Barthelemy,Active
688792ab-22b5-4602-ad05-6208f5180ac3,Thomasfort,Maine,Faroe Islands,Inactive
d7e4c843-fd69-415a-94b2-df7745402824,Wintersmouth,Arkansas,Suriname,Active
9a6784f9-7051-42d9-b411-792c86f03e15,Lake Kimberly,Massachusetts,Christmas Island,Active
5609102f-3fd4-49b9-b0f0-4d90fbba32d9,New Aaron,Utah,Djibouti,Active
e70024e9-840c-417b-a54c-d976c61b0b5f,Yuburgh,Delaware,South Georgia and the South Sandwich Islands,Active
3fd94de1-809a-429a-ab7b-33b91294bb15,New Valerieberg,Oregon,Norway,Inactive
01ac7846-60c1-4147-9199-e0d45b047085,Thompsonchester,Ohio,Iceland,Inactive
354551c4-ee52-4f1e-bb79-c6c7bc1a9d8e,New Laura,Maine,Guadeloupe,Inactive
f1708967-2b97-4768-9c4e-da9ebe0d6efc,South Johnburgh,North Dakota,Gibraltar,Active
da95a6c3-97b7-462e-899f-f0de2a2824aa,Washingtonfort,Kansas,Singapore,Inactive
2b8adc0f-d250-48d6-8ff8-ad644dd02043,Brownland,Mississippi,Swaziland,Inactive
fbf3d669-6c4c-4d6b-9f57-e344a9f53bb6,Jeffreyville,New York,Myanmar,Active
55eb0ea2-4e8b-4f2a-8c8f-ad1e58a19c87,New Gerald,Mississippi,Bouvet Island (Bouvetoya),Active
45d000c0-b8c6-4ba6-b59e-6e44dc1ca67e,Shawchester,Missouri,Jamaica,Active
14c67af2-a2f0-410a-bb24-749ca5352779,Port Matthew,South Dakota,Poland,Active
f59af661-b004-4332-b453-3c671076111f,East Laura,Alaska,Bhutan,Inactive
c32637dc-5073-49fe-a8ae-cb4dc627666c,New Anthony,Kentucky,Jordan,Inactive
9deea52c-4515-445d-9769-51e1b4c4e47b,Mariaborough,Louisiana,Togo,Inactive
1dc774af-563b-4fac-a02d-a57650aad978,Port Marioland,Hawaii,Cook Islands,Inactive
7780b435-abed-41b6-b458-b726e53edf7c,Maddenville,Idaho,Grenada,Inactive
0fa164c4-d815-4709-b907-d77b79f9857e,Jamesville,Minnesota,Turks and Caicos Islands,Inactive
32979ebd-2bf0-4d5f-b80a-5f651df73e02,West Joshua,Utah,Saint Vincent and the Grenadines,Active
7a6ed7dc-7c33-4161-b238-da5c721c88c2,Smithtown,Idaho,Yemen,Active
c203f5cf-ce26-4a1a-a400-e9921db6d288,Aaronshire,Maine,Morocco,Active
70cb41cb-31cd-495b-ae1a-a4e58437be05,Dawnstad,New Jersey,Wallis and Futuna,Inactive
c46bc463-9acf-458c-83c3-513f024a5296,East Luis,Arizona,Nepal,Active
a54a1c76-aa73-4dfe-857d-2f725f9fe902,Paultown,Hawaii,Slovakia (Slovak Republic),Inactive
6dc74c43-1a6a-4e47-998e-3f4f89d64a20,New Justin,Utah,Senegal,Active
4ec24339-5992-4a8e-9d58-2f4666fec113,Brandontown,South Dakota,Jamaica,Active
952a7235-b948-4fd5-9b24-3d2af6b4e94d,Lake Karenhaven,Nebraska,Bangladesh,Inactive
3c0fd1f1-b9f5-4f10-bfb5-1c3311cfe794,Paulstad,South Dakota,Niue,Inactive
31e078e7-5d43-4c8d-8269-44540e7c7e12,South Kimberly,Florida,Cape Verde,Inactive
b9fec95a-0e8b-42c7-b51e-934f580ca63f,West Toddburgh,Kentucky,Benin,Inactive
6566ecb0-320b-46a2-a713-ea0ac90852f7,North Brian,North Dakota,Philippines,Active
85c02ab4-7791-4028-a9f5-f3c9fb00559b,Davidstad,Colorado,Chad,Inactive
c899d28c-bd7d-4db2-82f9-7c4e2cc8d1e0,Port Debra,Vermont,Suriname,Inactive
11864369-94b0-4988-8448-59c6f76cb1bd,West Randall,Delaware,Brunei Darussalam,Inactive
be77fdc5-88d1-4005-88aa-2832f9199b57,West Michaelstad,Indiana,French Guiana,Inactive
7285608b-e933-435b-9c09-85e25ba3cc52,West Jessicaberg,Pennsylvania,Bhutan,Inactive
676a713b-a001-4920-a56e-02fc7c673363,Leebury,West Virginia,Egypt,Inactive
4cf1a98a-29c8-47e1-9c69-d3bf02171d19,New Jacquelinefurt,New York,Bahamas,Inactive
6fce6cf9-9a97-4efb-9c80-7f2bd22a64fe,North Raymondville,Kentucky,Gabon,Inactive
88280925-a453-46c9-89c0-ce2b1f20aadc,Arieltown,Florida,United States Minor Outlying Islands,Inactive
f7e1909b-b79f-4f5c-bffc-b85751c08de0,West Erinburgh,Virginia,Romania,Inactive
06fe1445-8a02-411f-a64f-ab435fa841dc,Reeveschester,Arizona,Saudi Arabia,Active
616a4c80-b2ca-4ebf-b0c6-b3926c71b315,Olsonshire,South Carolina,Venezuela,Inactive
e237a57b-1e07-4efb-a12b-67068a03fab0,Port Jenna,Alaska,Jordan,Inactive
3a31a74c-442d-46b6-8509-cac1377b8e20,New Paulaton,North Dakota,Swaziland,Inactive
621d6e33-6452-437b-8106-135538eadd7c,Christopherside,Arizona,Tuvalu,Inactive
8e1e24d3-3e04-4af1-9443-a7ef6e7691cd,Gregoryborough,Utah,Canada,Active
ddab1e67-b508-453d-baec-31ca626fc46e,West Laurabury,South Carolina,Guinea,Inactive
a87a0cf7-15a1-416d-8e21-01ce89acb982,Crystalton,Kentucky,Samoa,Inactive
397f4476-a636-45fb-ac9d-9e2992ebbe20,South Maryfurt,Oklahoma,South Georgia and the South Sandwich Islands,Inactive
cde1ed9c-0b92-4fa2-b894-78626598b784,New Clarence,Kentucky,Singapore,Inactive
1657e29f-3fab-4632-a7f3-e498c047e70b,Williammouth,New York,Anguilla,Active
eded8ff7-92eb-42b7-bf2d-4c81762de4ff,North Jason,Louisiana,Romania,Active
84c0d9ec-b20c-406d-b24d-a157edeb7896,West Jamesberg,Minnesota,Bolivia,Active
7cd5fef0-14a7-49a5-a6c4-9c204d7f081e,Lake Jeffreyshire,Florida,United States of America,Active
1f900c33-b447-48c0-8bf7-3ef5851cfd51,Port Jamesmouth,Alaska,Albania,Active
61c5266c-c57a-4408-8247-57eb2245d2fa,Joshuashire,Missouri,Dominican Republic,Active
9dd9bc32-db8e-4b91-a3fb-374dceba07b7,New Aliciashire,South Dakota,Benin,Active
bf32dfc1-e6a3-4833-b001-1cde92b59199,North Stephenland,New York,Martinique,Inactive
1372777c-cab6-4e4d-b952-2ce6a6db3274,East Jeffrey,Alabama,Saudi Arabia,Inactive
bcb2700d-18c8-407a-82e8-3e9a23af4767,Brownhaven,North Carolina,San Marino,Inactive
79bf8145-6a88-4ff0-ac2c-7a345a93dd68,Stephenfort,Minnesota,Bouvet Island (Bouvetoya),Active
ac2763e7-2e88-424d-bb0f-23d339b8ca98,Whiteberg,Nevada,Japan,Active
38983288-a379-4122-8a0b-6a0123d4f6b8,Debramouth,Connecticut,Kenya,Inactive
546f6cbc-4921-4730-9e94-8f1f41501fbe,Perezmouth,Texas,Guatemala,Inactive
551546c6-2a64-4e38-a66d-c8630879cce7,Nicholasborough,West Virginia,Guyana,Inactive
b76b8cd0-e8d7-467d-810a-86fb9e45a6cd,South Chelsea,New Mexico,Comoros,Active
2943c1c2-e3cd-47c0-943a-383b2f12924c,South Christina,Colorado,Kiribati,Active
51347ce0-f334-483d-9bcb-a801ac5825f3,Meganville,Texas,Saint Barthelemy,Active
9c943e04-ebae-467d-b5f1-e8d94302c3f6,Lake Robertton,New Mexico,Niue,Active
ed867df8-07ce-4ae6-b55e-79467d3e064b,South Elizabeth,Michigan,Poland,Inactive
1fadd5c8-5cbd-4ecc-9544-0229366de704,Kyleland,Ohio,Maldives,Active
5474c821-312e-4b55-a5b6-35549d1f8fbc,Kathleenbury,Massachusetts,Austria,Active
60c0102d-b99f-4e18-a3bc-e4853ff65c63,Port Jason,New York,Albania,Inactive
7a7b86cf-5d2c-41e6-aa4a-b064f939173d,Melanietown,Texas,Namibia,Inactive
3b55200e-b60b-40bd-906e-3bcea22e3b1c,Thomasstad,Alaska,Malawi,Inactive
94d18132-259a-4271-8400-83a04dc43866,Laurenchester,Hawaii,Belize,Inactive
8793ea9c-904d-4720-b9c6-9d99d4ef1c45,South Jeremystad,North Dakota,Faroe Islands,Inactive
781e52e9-a369-4e1e-aac2-d876dfb4de14,North Ericfurt,Nebraska,Puerto Rico,Active
cc7ea6ab-d660-4d0d-98bd-8365d5088895,Stevemouth,New Jersey,Iraq,Active
81695063-0026-4a56-808c-436185eea96b,Johnton,Illinois,Reunion,Inactive
8c073773-c101-4290-8dcc-0dd06c34dbcb,Clarkport,Ohio,Barbados,Active
47c97b02-011e-48f7-bf37-2264478d7b55,Perryland,Texas,Mali,Active
99effb00-18e1-4753-bc39-fd1f0fdc93e6,South Duaneview,Oklahoma,Belarus,Active
b60b905b-e4bf-4bdf-9e50-70293422a075,New Mary,Pennsylvania,Peru,Inactive
de2437b1-8d46-4142-acc5-1ec372f0867c,North Danielle,Missouri,China,Inactive
0844d45a-f0f8-49aa-aa0b-e863ec49fc78,Spencerbury,Mississippi,Pakistan,Inactive
d0929a6f-627f-45bf-8be4-d2a1e7ed9ba3,East Mark,Iowa,Yemen,Active
aba04294-4ad4-47a5-93db-1db61f3464e0,East Anthonyborough,Virginia,Guam,Inactive
d5409b87-0d02-43c6-936c-83d6621d1c77,Port Matthewhaven,Indiana,Slovakia (Slovak Republic),Inactive
e58641a3-2339-48b5-9071-d0f6fc5c17ea,Davidfurt,Michigan,Tuvalu,Active
efb98337-0d95-4c6d-9592-0083213e3c35,West Jessicaburgh,South Carolina,Hungary,Inactive
4312ebd3-e04d-4d61-bcef-b5ab927c3a36,Port Antonio,North Carolina,Congo,Active
57979d97-5991-4fb2-8a3e-0a35ae2c1037,Riverafort,Maine,Algeria,Active
3691b85f-6803-4daa-b950-737725fcd9b6,West Michellechester,Virginia,United States of America,Inactive
866927ce-f7d7-4cbb-8912-2e1461b7d69f,Lake Peterland,Missouri,Antarctica (the territory South of 60 deg S),Inactive
4bd10aa6-07fe-4db7-977a-ca6a30e9a7ee,New Timothy,Texas,Myanmar,Active
8584c83f-78bf-4abd-aff0-f3e4a2b4fd40,East Tammyfort,Kentucky,Dominica,Active
824d0496-c98f-4582-a94d-46251c6f29ec,Ryanfurt,Montana,Eritrea,Active
4455f812-e8b2-4e4f-ae8b-4cd996c97c13,South Madisonville,Montana,Colombia,Active
91a7ba6f-a514-48a8-b1c2-6fa2280ba43f,North Martinton,New Hampshire,Northern Mariana Islands,Inactive
7af3dad2-1b90-4c80-b9af-6165ca6540a6,North Alyssa,South Carolina,Turks and Caicos Islands,Inactive
18b69850-23b7-4366-a5fd-48a6cfad4922,Jeremyberg,Idaho,Latvia,Active
eb0fb537-9478-4e24-983d-ec2d535538cc,Roseshire,Oregon,Vanuatu,Inactive
8afd8f39-12d1-4a38-9b55-dfd74511a48c,New Stefaniechester,Washington,Taiwan,Inactive
0f63563d-24fa-430e-8414-91a678db5529,Jonathanville,Nebraska,Ghana,Inactive
939ae149-1377-438c-9e02-09d0d5da01fa,East Raven,Pennsylvania,Rwanda,Active
cd831d87-ce95-4757-882e-38a30d3da014,North Justin,Louisiana,Burundi,Inactive
28a9e7f2-6601-4dbb-b935-52d134a5806a,Cummingsmouth,Connecticut,Guam,Inactive
213ffb0a-391d-439c-b0d0-31b7085b3ff2,Port Zoebury,Alaska,British Indian Ocean Territory (Chagos Archipelago),Active
73f5bef3-7a65-48e5-9dba-9bdc0a2cf2f2,Erikport,North Dakota,Japan,Active
645a3f7c-208d-455c-9158-ee01657bb8f3,West Robert,Hawaii,United States Virgin Islands,Inactive
9174b86f-0e8d-4242-a099-855f291e7dfd,Port April,Kansas,Marshall Islands,Active
453245f1-1fa6-4687-8248-eb310527018e,Ashleyborough,Colorado,Pitcairn Islands,Active
55d01808-2465-4fbe-bcf7-ec0fb394a19f,Andreaport,New Jersey,Bhutan,Active
4a759c74-b8c2-41ba-b014-7b33feb276c3,West Benjaminstad,Maryland,Northern Mariana Islands,Active
f44595ea-e48a-4a41-9eec-562152bd95c3,Madisonburgh,Rhode Island,New Zealand,Active
824df558-5a3c-48bd-bcbe-6b3830959143,Cainberg,Massachusetts,French Polynesia,Active
9e978bee-cf73-499b-9b8a-16855d590e10,Kennethburgh,Kentucky,Maldives,Inactive
2080965a-b3aa-42dc-a832-3ddecd3c9362,Jenniferburgh,New Mexico,Guadeloupe,Inactive
77956381-9d23-4e31-86b3-d1d66e80cca0,North Robert,Ohio,Germany,Inactive
8eac8b25-9c2c-40f9-bba9-e8f9759613cb,East Laurenchester,Maryland,Switzerland,Active
f8cacf75-3878-4642-907b-a3ff71c02b48,Frostport,Florida,Guinea,Inactive
6c30872c-20e4-4622-b2cd-1861acb04bd4,Port Cheryl,New York,Kenya,Inactive
6ce57e0c-3cab-4cd7-98ce-d0bec905e0b5,Port Kevin,Wisconsin,Barbados,Inactive
fcdf71aa-3978-4717-a112-e251857f3d95,Donnaborough,Florida,Denmark,Active
d2e182b2-ea58-4051-b3e0-75a721f52efa,New Angelaview,Kansas,Svalbard & Jan Mayen Islands,Inactive
b092bfe6-745f-4652-bd43-6418e7bb31e2,Lake Grant,Vermont,Kiribati,Active
aa2031a9-1c5e-41e5-816d-3f6ef34092ee,North Anna,Ohio,India,Inactive
5d7809d1-2a02-4031-afac-22db728bd77a,Jessicaburgh,Wisconsin,Yemen,Inactive
b14be16a-a4b3-4ae8-83cd-63e850278403,Port Christineland,Maryland,Haiti,Active
37a2ae79-e62d-45d2-986c-9a5e9173fe80,New Rebecca,California,Cook Islands,Active
cc97c870-8d6f-4798-b77e-511ad540ecb9,South Rachel,Wisconsin,Montserrat,Inactive
ffc5dc99-41de-40ff-9204-9abf0f3ed2b9,West Amanda,Montana,Czech Republic,Active
61c3d885-14bf-4473-a3fa-76a4d452a6d8,Johnsonside,Arkansas,Rwanda,Active
59c7149e-2f49-401d-b3c6-59556b5bc9df,Michaelside,Nebraska,Tokelau,Inactive
2d26941e-e7c5-4de2-8d3a-81fe95a41695,Rileystad,North Dakota,Chile,Active
8724f311-a9b5-4d5f-afd1-a5f55f85b358,East Ashleyton,Delaware,Burkina Faso,Active
396e614a-79dd-41f2-a560-739036acdfbe,Monicatown,Connecticut,Timor-Leste,Active
8a655ffa-7e80-440d-8644-9f529c091391,Port Courtneyville,Alaska,Macao,Inactive
622e9d6a-2612-4b31-b2bb-5ad620ae8b01,Laurenstad,Idaho,Philippines,Active
cdbded48-15b1-4caa-a8b4-98b2f2cb61a8,Port Walterstad,Arizona,Venezuela,Inactive
dd56e31c-1c79-4281-9f2c-b8f9551c7c08,Jamesborough,Idaho,Rwanda,Active
bc445387-e2e7-4c5d-b77e-9ede361543a6,Port Lisa,Arizona,India,Active
8a1d7ab2-0ee8-4a97-bf09-f290a0b4b8c0,Sandovalton,Vermont,Nicaragua,Inactive
56130113-c710-4fc4-9d46-6030b8b15c36,Dominguezfort,Michigan,Solomon Islands,Inactive
7a41bfa0-8b47-47fd-8fd4-f62b592a8617,Port Kimberly,Maine,Armenia,Inactive
488e5f2a-b0fb-4086-bdf0-3aedf0d0276f,Rhodesstad,Louisiana,Cote d'Ivoire,Inactive
7467d0f6-a1d6-4e53-a867-ce8ca909dce1,West Savannah,Minnesota,Malaysia,Inactive
aa9a333b-8a34-4687-acf6-c78346bab5af,South Valerie,North Dakota,Namibia,Inactive
68832ffa-d7d7-4204-8ddd-0ef0921363e5,East Tamara,South Dakota,South Africa,Inactive
3dbc1775-b028-48b2-ad29-b77a9fc4d513,Lake Daniel,Massachusetts,France,Active
946d584a-5b80-46af-bc10-02bb4ccbb4a8,North Tiffanymouth,Texas,Guyana,Inactive
d6a6271a-927f-4319-8f44-6b95700af101,New Susan,Connecticut,Samoa,Inactive
fca3c49e-d596-43cb-9c25-ff337f3524b5,North Yvonnebury,Hawaii,British Virgin Islands,Inactive
40d628b2-fc4d-48dc-a915-dfa9c3fd711f,Coreybury,Arkansas,Bahrain,Active
2daf2d8f-a4a3-48c8-a402-8544c1406db5,New Michelle,Alaska,Sudan,Active
ff36f5fc-52e6-4aa6-9f77-e1492ee4a82f,North Michelle,West Virginia,Argentina,Inactive
b5e494f6-72e0-4cf1-86a0-cde12f7cfa74,Perezfurt,Arkansas,Netherlands,Inactive
123f72a2-6637-426d-b87f-bce1e6898d92,West Kevin,New York,Saint Barthelemy,Inactive
562d069d-7025-4580-b99d-d92be65d0b47,Mayermouth,Minnesota,Venezuela,Active
3dbefbf1-ebc2-4551-9026-8f11835e06b5,West Johnview,Tennessee,Spain,Inactive
b0813227-9b9e-4f82-8fbf-7b492c774e49,New Christina,Georgia,Georgia,Active
17ba6f0d-aaed-4024-808c-239857da6317,Mistyberg,South Carolina,Guam,Inactive
26401b69-012c-4f10-a17a-161693490a5f,Lawrencebury,Texas,Hong Kong,Inactive
3432523b-e530-433c-a7cb-ca4b988ba0dd,Rebeccaborough,South Carolina,Niger,Active
688b50d4-46cc-4c3d-9311-7bedced9651a,South Anna,Arizona,Montenegro,Inactive
9f8f5aa3-cb4a-46fa-b1a1-0292d7b52030,New Jadebury,Ohio,Honduras,Active
247bcd4d-5ef7-4547-a982-cac4be7413fe,Marcusfurt,Hawaii,Pitcairn Islands,Inactive
55a36dd0-5d3c-482f-8600-7f94761b1fbf,South Taylorstad,Utah,Lesotho,Inactive
b4a6a4ce-76a6-4188-9591-aa5c9efef654,Lake Antonioton,Arizona,Dominica,Inactive
871c604d-9bc6-439a-a4b4-4506aa6b2671,Port Laura,Illinois,El Salvador,Active
11bb735a-7e9b-4990-a40e-602b08ffd87b,Bowersville,Maryland,Saint Kitts and Nevis,Inactive
2f00fba9-176e-4850-b975-9f212748bfe2,East Eric,Illinois,Cocos (Keeling) Islands,Active
469f8482-92af-4f4e-b6fa-d5ed6205f833,New Markton,Colorado,Nepal,Inactive
d1edcaa5-07db-470d-9de3-6eb982f55d30,Williamsonside,Louisiana,Seychelles,Inactive
f2624684-39a0-4017-9fe9-0e0e201070bb,South Ernest,Maine,Western Sahara,Active
f94ecd07-3fd0-492b-843a-c71c70c48970,Brownland,West Virginia,Sierra Leone,Inactive
6c78f1ff-094f-4ac3-a8ff-c517a8abaebd,Carolineville,Wisconsin,Gibraltar,Inactive
0f5ba30f-ce0f-47f5-b133-229cdb58fc9c,Burnsview,Idaho,Macao,Inactive
2fbad54b-98a8-46bd-ab9c-8652127463c2,Joemouth,Hawaii,Macao,Active
ad273e83-e3eb-49c0-babb-a93c8620e64c,Justinmouth,Virginia,South Georgia and the South Sandwich Islands,Active
3850a217-6ad2-4a84-a4d9-fd0042d19a57,Watsonfurt,Alabama,Panama,Inactive
85843c50-8f76-44bf-9d96-39cb8dfcfaa1,East James,Rhode Island,Bangladesh,Active
56d117cb-7a1c-40bd-b232-4b890d5c461a,Harveyland,Colorado,Lebanon,Active
011f77fc-c8e0-43db-b1ff-e055461f66fc,Wardtown,New Mexico,Costa Rica,Inactive
c6fc1a9a-6cd0-4988-ab9f-a59a8ec4cadb,Hernandezport,Alaska,Vietnam,Inactive
58966bd5-946e-4f8b-acd4-6fb851e2c570,New Sarah,Missouri,Guinea,Inactive
ccf7be95-ccf9-4734-a4fa-f9a86d028943,Cameronton,California,Jamaica,Inactive
c918d97e-c3dc-45c6-a938-25b904905fa9,Deleonbury,Virginia,Senegal,Inactive
8143b93f-fdfb-41f0-bbc2-6af1ba4bd69a,Lewiston,Louisiana,Botswana,Inactive
989f62ea-74b5-40e6-9182-d88212f07c8a,New Angela,New Jersey,Qatar,Inactive
47f023a9-04a7-4d1c-b452-5ae96b269fdc,Woodfort,Maine,Myanmar,Active
035e5b3d-fc98-4e12-a415-8c08d26658b5,West Amy,Connecticut,Saint Lucia,Inactive
79f499b2-0afa-4545-b439-f5e69e21f7e3,Livingstonport,Alabama,Kenya,Inactive
1946b7b8-984f-4792-a7d8-2569121d3700,Hendersonshire,Ohio,Brunei Darussalam,Active
306e5c2f-a0de-4d67-817a-90a3a903f8c6,Charlesbury,South Carolina,Cocos (Keeling) Islands,Active
030ec283-0c03-4475-9c93-2c4d6b7f1a11,Cameronview,Oregon,Bahrain,Inactive
b7baff20-fa09-479d-beb2-d8211d400add,Troyton,Vermont,Nauru,Active
5052855d-77f0-4aca-908c-019f6289cf05,Hendersonbury,New York,Saudi Arabia,Active
cf834621-4364-4532-a84d-e4efcf6d3588,North Tommytown,Wyoming,Palestinian Territory,Inactive
ac703a63-1012-49ff-8960-805cb9af0899,Port Mistychester,Arkansas,Zimbabwe,Active
2308b94a-1b7e-4769-afb4-b9c8fc7d39a5,South Jessica,Ohio,Uruguay,Active
2848e397-2416-4f81-9591-ac449b64bbc3,Angelport,Louisiana,Canada,Active
2497c276-fbe1-4bd9-9fd9-e0be48566a9c,New Darrylfort,New Hampshire,Ireland,Active
9aeef979-407c-414c-a1f0-7293e4aa5443,Thomasmouth,Minnesota,Mongolia,Inactive
0b4a9aa1-382b-4cbb-8e7a-ee8bc5f2ec11,Longport,Michigan,Barbados,Active
c7d825c7-3e5d-4da3-b969-3fec78889eb6,West Heatherport,Missouri,Togo,Active
013a9524-3a30-4964-92db-fcdeb1194e04,Port James,Tennessee,Madagascar,Active
d0570bc0-9bd7-4203-b3f2-1236e27d567e,Jenniferside,Alaska,Saint Kitts and Nevis,Inactive
862fe381-ad40-4350-afd8-3e240aed271c,South Jason,Nevada,Syrian Arab Republic,Inactive
f5c77253-c9ce-4fba-a5f5-082fc402dbde,Port Tracy,Indiana,Angola,Inactive
3137ec56-a2a2-43f7-8c6e-6756d3d5036d,West Charlesmouth,Delaware,Saint Martin,Inactive
bf470a75-2a89-47bc-b865-aee8e01c3699,North Christinafurt,Delaware,South Georgia and the South Sandwich Islands,Active
97489b11-736e-4552-9a89-d62c667e7d2f,East Matthewberg,Mississippi,Djibouti,Inactive
b2787791-64ef-4173-be19-091ceb8db0a9,South Robertfurt,Utah,Qatar,Active
a142ff58-53d6-4a82-91b1-230f4d92467f,Lake Scott,Texas,British Indian Ocean Territory (Chagos Archipelago),Active
89355b2c-b147-4811-9a8e-34c3731a3831,Chavezberg,West Virginia,Austria,Active
e3a1a0ea-1731-4b76-9152-b34daee7bb25,Gonzalezton,Nevada,Armenia,Active
69b19e3c-4b80-40a7-9653-df0f1f0775c3,Kellyborough,Utah,Kuwait,Inactive
f1ebe764-daf7-49a5-b055-51eafb05864a,Russellfurt,Louisiana,Andorra,Active
1f46269c-805d-4ad4-b3ff-7088c00bfccc,North Carl,California,Saint Helena,Active
8b3f45c5-405e-4dca-b692-98dc5c503769,Zacharybury,South Carolina,Bahrain,Active
76632ced-e89a-45f8-af8c-648a7bf29003,Port Dennisshire,Mississippi,Macao,Inactive
3ad9c7f9-a24a-4414-b180-33bdc256c891,Fryeport,Minnesota,Maldives,Active
f3a2b813-4d09-413d-864d-43b4580d69df,Lake Rachel,Delaware,American Samoa,Inactive
0a0d98bb-940e-4759-826b-7e07ac0a70cf,Jasonborough,Colorado,Venezuela,Active
349889df-1f59-4883-a125-dccce027d980,Colemanburgh,Virginia,British Virgin Islands,Inactive
88841289-ed0e-433a-8c6c-d075925ba566,North Matthewmouth,West Virginia,Svalbard & Jan Mayen Islands,Active
b6c68032-6a1a-4866-9cb9-6bb4c39f4696,Kathleenside,Nebraska,Togo,Active
9d374874-5f59-488c-b2a1-ef9983bdfa8d,Lake Christopherburgh,Idaho,Niger,Active
e82c8791-1c18-4c75-8174-3ea7577ac37f,Gomezbury,Oregon,Aruba,Inactive
4b6b5a2b-2e0d-4d05-b1ba-58e9124e7f27,Christopherfort,South Dakota,Mauritius,Inactive
37f0aee7-81f1-4df4-ba69-41b188c98f8f,South Annettemouth,Minnesota,United Arab Emirates,Inactive
4b0bba5a-914e-40dd-99a8-4b5c898fee4e,Samuelshire,New York,Iceland,Active
6548fd1d-afbe-4c7c-8409-c10c56ef150a,South Lindaberg,Washington,Ireland,Active
3eeb700e-1423-4a77-98fa-6af36be212b8,South Kevin,Massachusetts,Namibia,Active
d5554e3d-482f-4994-984d-757f1e537f8f,West Carolbury,Maine,Namibia,Active
f67ccc7c-9a94-4f28-af3e-3b558c476e4d,Christophershire,Alabama,Bangladesh,Inactive
94760bfa-ad3b-4e55-97ac-657a2d9ae091,Williamsland,Illinois,Aruba,Active
317bef93-77f3-4cc8-8530-6a979641d7fd,Ashleyshire,Wisconsin,Costa Rica,Inactive
fbf1dd3b-72b2-4108-bf35-f09ef62ad0d2,West Julieport,South Carolina,Romania,Active
7fc19e71-36f1-4b4f-ba88-34ba94d7045a,New Brenda,Arkansas,French Guiana,Inactive
65352e4c-9e89-44c1-8d89-be4d87dfea6c,Brownport,Alaska,Anguilla,Inactive
b9c618dd-2992-4c98-9710-7ec36fd00d17,Walkerborough,Wyoming,Norfolk Island,Inactive
b3eeb591-b978-44ad-87af-40648d76cdb7,New Ryanburgh,Connecticut,Uzbekistan,Inactive
65d23a34-d2ba-4d9f-82a6-59ffc034dff2,Clarkton,Florida,Belgium,Active
96547c75-8ea9-4e69-b58a-2f56dd7b3522,Gutierrezburgh,Michigan,Singapore,Active
d8467cf9-79db-4d88-83ca-f1ff689c91a2,East Derekstad,Mississippi,Bulgaria,Inactive
ebe43b44-8691-4300-89e8-74d885704774,Torresshire,New Mexico,Finland,Active
406284c5-1c83-4c28-ab5c-8259894f8aca,Roytown,Montana,New Zealand,Inactive
073b9bab-5830-4c6c-b981-9126c628a042,East Justinport,Ohio,Kyrgyz Republic,Active
7dc15c63-0a4b-4f69-983a-4ad276b34cfd,Jamesfurt,Alaska,Chad,Active
8e68b99c-ae46-443d-b012-8167e2575df8,New Sarahville,New Hampshire,Saint Pierre and Miquelon,Active
b7c881e6-d6db-4f1a-a2a3-8318af077456,South Stacie,Alabama,San Marino,Inactive
ca57592d-628b-4335-a108-a1c04b6c4983,Port Benjaminfurt,Utah,Netherlands,Active
7f5c0058-7000-4ac9-a14f-d84dad65067e,North Brookeport,Alabama,Kiribati,Active
9823dec6-fa45-47f0-ae9b-12ce65a41e1d,Gardnerfurt,Nebraska,Isle of Man,Active
48b9e518-8945-4c36-bcb2-4120ab584273,Meganchester,Michigan,Luxembourg,Inactive
364d95ab-da48-4da9-822a-8a1b38d57bc4,West Kristin,Illinois,France,Inactive
06e9903a-0fe8-4dcc-a634-7a28deaa66f1,Port Ashleyborough,South Carolina,Saint Martin,Active
1dcf464d-a796-431b-a171-862cb397b97d,Marieport,Montana,Tonga,Inactive
be2e443b-7819-4fad-ad73-ad26487b98ab,Sabrinahaven,Delaware,Zambia,Inactive
65eb4d15-1550-4758-bca6-5a1637b27942,West Shannonburgh,West Virginia,Bahamas,Inactive
a3df636e-aaad-4c4f-8061-9b560c47e764,South Elizabeth,Wisconsin,Singapore,Active
77c9e4dd-a094-4392-8e29-b7985f85464a,North Susan,North Carolina,Dominica,Inactive
9125afc0-68af-4142-882a-d9ac0bce665a,Port Fredbury,Montana,Bouvet Island (Bouvetoya),Active
1b3492ed-b66d-42d0-ad41-59c84882c4fc,Katrinabury,South Dakota,Oman,Inactive
4b9b8358-a227-4fab-a5f9-ad2f90007370,Lake Teresa,West Virginia,Kyrgyz Republic,Inactive
dc13043c-f9e0-4d97-a977-e003d89baaf0,South Andrewland,North Dakota,Estonia,Active
5e1073fe-15da-49a4-91fd-a9a18a68fd89,East Rachel,North Carolina,Sweden,Active
ba084223-30c7-42b0-8b33-db32e571b1a9,Jamietown,Nevada,Ecuador,Active
b1f6bffa-f7f1-4b09-a9d8-dfcaeccc30ba,East Saratown,California,Saint Helena,Inactive
e004cf2b-723d-4034-9657-5206b2906d9d,New Keithhaven,New Jersey,Mauritania,Active
61bf8162-28ce-4bd4-9d51-d5e041d2322f,Richardtown,North Carolina,Namibia,Active
b889c96b-4daf-4716-8057-2bd8bab4df04,Sandraborough,West Virginia,Nicaragua,Active
d59364c6-489d-4b81-a348-90855ac82dc9,Rhondaborough,North Carolina,Saudi Arabia,Active
c5c730d6-0ec5-4924-b53b-08b31915a3ef,West Johnland,California,Cayman Islands,Active
ac806363-ee21-45d0-b3e7-acc8a519f7c9,Lake Jamesville,New York,Sri Lanka,Active
79340f2b-1647-405e-bef2-64de249218d9,Smithland,Wyoming,Ethiopia,Active
b4f05486-479e-4df3-aaba-d5617fba717b,Thomasside,Maryland,French Polynesia,Inactive
5a0d6fc4-040b-40f7-af74-6133d5e201fb,Grosstown,Georgia,French Polynesia,Inactive
16ea21ef-01cf-4f1b-a6e6-ad51f1715ca9,Heatherfort,Mississippi,Nauru,Active
c05d0179-ba4d-465e-8350-7132f17acd10,Port Davidburgh,North Dakota,Liechtenstein,Inactive
2b1510dc-6d9c-41c5-a37d-9974e442269c,East Alexisburgh,New Hampshire,Papua New Guinea,Active
86d2eb4f-ad83-43f8-8211-ed7385eeced4,Port Laurenview,Ohio,Switzerland,Inactive
1c8c165c-b289-4d77-816a-d1c7b043410e,South Kevinborough,Illinois,Belarus,Active
3c8a2db4-0c4d-43f0-8b5a-362e3f166e9e,Danielland,Kentucky,Kazakhstan,Inactive
5a1706d9-ddda-4f83-b0c1-f8fb41210e3c,Lake Jessica,Wyoming,Falkland Islands (Malvinas),Active
1c8e68ff-bc84-4a56-ae0e-ec88d5cf8597,North Benjaminville,Kentucky,Anguilla,Active
829ef488-b2a7-4d00-ac79-43c8bc17af37,East Bob,Florida,Saint Helena,Active
534a61e8-0dd2-44fa-ab1e-60b07a414d5a,Philipfurt,Delaware,Yemen,Inactive
fe315816-d51b-456f-ac84-9baa205f0e1d,Moyerton,Montana,Congo,Active
0b8b774d-117a-4920-909a-ce1a2a81917e,Lake Brandon,Indiana,Guadeloupe,Inactive
f0924173-e053-49a2-9d60-6f231f5379c6,Colemanshire,Missouri,Liechtenstein,Active
a74db1b5-67e5-47de-897d-20d9f3afa975,Port Robert,Connecticut,Kuwait,Active
11218622-734e-4de5-a802-6ba2df18b7ba,Dodsonstad,New Jersey,Kenya,Active
3c7f6cbb-de31-4e8f-9dd9-2b8e9e1e55e1,East Kimberly,Mississippi,Bermuda,Active
7e107561-0e45-4696-97c3-28d7a79751c1,West Kathleen,Rhode Island,Taiwan,Inactive
c071406d-4287-4be6-9629-a1c527ab41cf,Smithville,Kentucky,Cape Verde,Active
1a39feac-fa39-4154-b87b-f1de75787261,South Gabrielmouth,Maryland,Croatia,Active
84eb2995-5aa6-4ba3-9e84-26db29d548f6,Turnertown,Washington,Jersey,Inactive
a7543693-266f-4f3b-9dbd-93c97f97bc6e,Stacyberg,New Hampshire,Slovenia,Active
9776ad90-882f-4bcb-beb1-6aafdcdd0104,New Sheila,Hawaii,Philippines,Inactive
df8f6e2f-0e29-4665-a8cd-8d37cba54ca7,West Christineburgh,Virginia,Mexico,Inactive
ae3d443b-42b8-4545-8036-f8314ff1cd8b,Rebeccaton,Utah,Oman,Inactive
c1a5e74a-3f63-416e-84db-1951937d6822,North Brittanyville,Virginia,Poland,Active
1bf7499e-81df-41a6-98e2-40bdc185dfaf,Cummingsview,North Carolina,Bolivia,Inactive
99430d19-bada-448a-9247-307ac243114b,East Hunter,Oklahoma,Jersey,Inactive
fc7d2351-45c6-401e-9147-8d9e1d1ac306,Humphreytown,Minnesota,Norfolk Island,Inactive
863f29ff-888b-4c98-acd2-d04e59eb359e,East Andrew,North Carolina,Martinique,Inactive
81e9ccff-bbfa-454f-816a-b1bdbce0cfb4,North Bryanfort,South Carolina,Reunion,Inactive
d3f9fb1b-62b9-4200-848f-33d9ded761c2,Jenkinston,Connecticut,Equatorial Guinea,Active
0726a3fa-32fe-455f-9774-3559f8c5831b,West Jamesfort,New Jersey,Taiwan,Active
d9eace11-133c-4fd9-9914-2912c35f7a92,Simmonstown,Massachusetts,Iran,Active
39c82c69-50c2-4fca-8095-43af928daca1,West Richardmouth,Colorado,Mongolia,Inactive
fcc040c4-0364-4da0-9be2-0b6807300d64,East Walter,Tennessee,British Indian Ocean Territory (Chagos Archipelago),Inactive
bcc19b35-2b71-4eb5-a1a3-9114baee0a3a,Patriciastad,Delaware,Greece,Active
352cb4b1-38a6-414e-a220-5026b23558af,New Ryanbury,Washington,Suriname,Inactive
c557d2c9-5413-4f56-9075-0fd4a86cda8f,Port Carly,Missouri,Andorra,Inactive
2cdb4812-ddb6-4f7d-8b22-d42d28610c3d,Aprilstad,Texas,United States of America,Active
ad228db8-7dab-410a-838f-2bc64010f837,South Jason,New Hampshire,Japan,Inactive
2f4b7039-90bd-4f6f-b126-aedc16c8b75d,Cooperbury,Ohio,Australia,Active
0fe0675f-f74c-4ddd-8934-3168bb2215ec,West Jamesborough,Minnesota,Mayotte,Inactive
c713cfb4-8d98-45b6-95e3-29471af3823d,Michaelport,North Carolina,Iceland,Active
59c0e517-6c8a-4f18-9a9d-35bafe1c0f60,Bradyhaven,Delaware,Tajikistan,Active
1aeb2659-c287-4f2f-a68b-cfc549319d79,West Ericstad,Texas,Vietnam,Active
01536b59-97ef-4c59-a94d-328bcdf03c4c,Michaelland,Indiana,Tunisia,Inactive
f3e2c895-49d3-48bf-a789-667940677065,West Karen,Pennsylvania,Norway,Inactive
0e1f6df6-c1de-4dff-84e8-6196480c3b0a,Lake Richardberg,Utah,Guinea,Inactive
bcb4e67c-a8f1-4262-b9b2-8764d3718f9a,Nelsonberg,Virginia,Serbia,Active
1bb2675d-83b6-47a6-8308-3f7d5c572532,North Leahfort,Florida,Guam,Active
100331fe-f6ac-4ac1-9368-72b49dd65111,Rangelport,Mississippi,Iran,Inactive
02d5273c-3560-428d-a477-1b68ba668680,South Latashamouth,New Jersey,Guatemala,Inactive
eca91c71-8048-43ec-a787-7cda4b2b3928,Susanton,Nebraska,Togo,Active
642d718f-edc6-420c-ab93-67a0d95ddb74,Lake Jenny,Georgia,Ecuador,Active
4722362e-91d6-4f7a-a46c-79c64e3cac2b,Port Annaville,Minnesota,Mauritania,Active
16877719-d2a3-43a2-97c5-9122efed922e,West Russell,Connecticut,Sao Tome and Principe,Active
58066498-b877-4602-8425-5b72f3461ce2,South Joe,Delaware,Slovenia,Active
18fe4237-9969-44ff-877b-3f8b9fbb78d1,Lake Jason,Mississippi,Chile,Active
dfe79158-5967-4c1a-ae0e-611ecda8d9a9,Jorgestad,Alaska,United States Minor Outlying Islands,Inactive
0afeacb5-7506-4fbe-8fcd-2fec8672cce9,East Donald,Oklahoma,Belize,Inactive
baf4c8a4-152e-4395-8578-bb3b73afac3d,North Lori,Georgia,North Macedonia,Inactive
8b70d54d-69f8-460a-9232-8741fbe96240,New Johnfurt,Iowa,Equatorial Guinea,Active
58e30d33-3a93-4305-9bad-70db419dfc32,Nicholsonmouth,Montana,Holy See (Vatican City State),Inactive
9894bd4f-24c4-41c1-a8ee-81506aa80ecc,West Karen,Maryland,Ukraine,Inactive
4c96ad9b-9ec9-4d8a-8082-a03b7c6d6a2d,South Misty,Louisiana,Ghana,Inactive
f961a459-99bd-4b49-b9b7-a0129b744e31,Simsmouth,Vermont,Slovakia (Slovak Republic),Active
9f730978-b907-41b1-9599-852296b8fe62,Lake Meganshire,New Hampshire,Sudan,Inactive
33d485a9-6f98-4940-bcc8-e0fca49eb65b,South Mariamouth,Louisiana,Guernsey,Active
09d496f9-d235-4b01-b807-05e677de468c,North Codyfurt,Oregon,Saint Pierre and Miquelon,Inactive
c6807a46-7c84-4c14-bbe5-823197a4d0e3,Jessicaton,Massachusetts,Belarus,Inactive
12a754fe-3b61-4450-8542-52bd152b5eb4,Port Sherry,Arkansas,Saint Vincent and the Grenadines,Inactive
7b819db7-f791-4f67-a9c1-6bf89a01c0fc,East Jontown,Nevada,Egypt,Inactive
dadf917e-8a50-41d3-bd75-753b77da04b5,East Kathleenchester,Indiana,Nauru,Inactive
6c5c330e-ad54-4d87-8e09-77d0e1f01d54,South Laurentown,Colorado,China,Inactive
db6be3c0-861a-48ae-8521-cd834d93eccb,Crystalhaven,Arizona,Sweden,Inactive
fca04788-d87d-4966-9353-fec26a72bd3f,Port Darlene,Iowa,Gibraltar,Inactive
58d03767-02c5-4506-8853-8c6d8cc08cc8,Jackside,Wisconsin,Bhutan,Inactive
cb0ce8ad-eecd-4a9a-8732-78c653a2af51,Cruzshire,Alabama,Equatorial Guinea,Inactive
0cc8ac72-8a4f-41c2-8f05-7b2e58716979,Whitechester,Arizona,Denmark,Active
c7db6671-2810-4e70-b569-01c0e9392b20,North Ruthstad,Washington,Saint Martin,Active
8f63b4b5-2271-4e1e-b055-5bcafda1ccb6,West Crystal,Maryland,Hong Kong,Inactive
19e85f4f-ae7c-488c-b0a2-9ecf25b1858d,Taylortown,Rhode Island,Malaysia,Inactive
599c1b18-f450-4e18-b199-3b4f7b72c03f,New Scottberg,New Jersey,Costa Rica,Active
d3708034-0684-444a-b640-a76487634635,Crystalside,Delaware,Gambia,Active
d8790404-fc3f-4b2d-88da-a9ff1cc75312,Robertstad,Connecticut,Mexico,Inactive
82166fcb-0e5c-4d3b-82e4-eeef188905d3,Lake Michelleborough,New Jersey,Cayman Islands,Active
b1910c05-fd66-41e1-8357-7dce21433a4b,Port Elizabeth,Pennsylvania,Jersey,Active
db73423e-05fb-44c8-b4d8-1f3af5ab30c9,Port Michael,Mississippi,Japan,Inactive
0d943c2f-5c1b-4502-a449-c2ee92eb0956,East Brianborough,Massachusetts,Marshall Islands,Inactive
5ad4131c-003a-40ce-9727-7029ca47a893,Brianbury,Vermont,South Georgia and the South Sandwich Islands,Active
d8168ad2-16f1-4860-bf22-83092cefe2de,Anthonyborough,Nebraska,Hong Kong,Inactive
3f9e48bd-f000-47ba-a7ca-88dfa3b1d7fc,West Juantown,Kentucky,Kenya,Active
9e8c7e4f-c579-4b44-9f9c-073d5a439574,Rebeccaview,Oregon,American Samoa,Active
3f46ae2a-64e2-4842-8546-8bb6f87d05df,North Jason,Wyoming,Mayotte,Inactive
be562a18-1d1a-44ed-9887-6450056174c3,Port Elizabeth,Nevada,Togo,Active
38fdb7ba-8505-4a44-ba40-137ae66b4742,Nicholasside,Arizona,Belarus,Active
f3df48fb-e55a-49d7-b985-00a7ceded7a2,North Kevinport,Georgia,Svalbard & Jan Mayen Islands,Inactive
5f47b00a-6c06-4cf2-a2fe-d9915be83193,Michaelville,West Virginia,Belgium,Inactive
4a9b50ea-7a07-44f9-a299-284b8728ac71,East Kathryn,Oklahoma,Antarctica (the territory South of 60 deg S),Inactive
66b7a47a-e28f-4b32-89e1-6fc1b6357ed5,Rossville,Washington,Chad,Active
213fafd8-05da-45e3-a1f6-604af032d921,Randallport,Maine,Myanmar,Active
603a2600-39a7-44b9-9db5-3fa610e79c35,Christinebury,Pennsylvania,Sierra Leone,Inactive
63c7d6c7-3608-4708-9ce2-79acb4add7a9,North Allen,Rhode Island,Cuba,Active
63646c3a-49a0-4f1c-85a6-0d121c0fcad1,Philipstad,Washington,Rwanda,Inactive
d908e3d3-6a48-414b-95ab-4e028686897a,Rodriguezville,Pennsylvania,Netherlands Antilles,Inactive
6c247c80-1012-472c-815c-1add8335656d,Currybury,Idaho,Iran,Inactive
a1e7a4fc-d8f6-4559-9680-967c1b79bb06,North Andrewview,Washington,Colombia,Inactive
06534dd8-78e4-46c4-840c-3241eace56b9,Jenniferfurt,Nevada,Saint Barthelemy,Active
3d53a876-bc7c-43f7-bdc2-c7c3abf6b83d,South Kiarachester,Rhode Island,Palestinian Territory,Active
94469a2f-61fc-46a1-8d63-de717c06ff32,West Mario,New Mexico,South Georgia and the South Sandwich Islands,Active
361fe1c8-4ded-4fba-954b-627ad32f76c1,Luisland,California,Aruba,Active
cd86c9b6-5c5e-47d7-b477-d4c5df803586,Luisport,Louisiana,Guyana,Inactive
70330b72-da21-4fe2-a944-0b1adbf94bc3,West Jose,New Hampshire,Cook Islands,Active
ffddec5c-6bb4-4396-b224-ed3c9b7112d8,Evanburgh,Alabama,Luxembourg,Inactive
560a6475-7a36-40e6-a5d1-e6016df702ce,New Jennifermouth,Massachusetts,Pitcairn Islands,Inactive
c4d67738-a1d9-4820-a04d-0385ad5202f9,South Jennifermouth,Virginia,Sudan,Active
809a9145-d09c-4732-87c5-5d687733a956,Cherylchester,Pennsylvania,Costa Rica,Active
d3c5a1c5-b2a1-428c-8890-52fb21f6ccc5,South Jasonchester,Oklahoma,Belarus,Active
2d8a3d67-df9e-4c33-b288-2914764369a6,West John,Pennsylvania,Czech Republic,Inactive
e0ded075-b3a9-4ba8-ab5b-98b1b4225c3a,Katieport,New Hampshire,Saint Helena,Active
a4c0b738-eb15-4494-adec-082f3f706d37,Port Jeremyside,New Hampshire,Saint Pierre and Miquelon,Inactive
1d33b911-0512-4c5d-9c05-7deaf3ac484f,Port Taraport,Kansas,Bangladesh,Active
407b80f7-953e-4017-b2d1-fa874183ed34,Melissafort,Nevada,Egypt,Active
aaf8c3c2-c6d0-4aa0-b12a-6969fbd98c86,New John,Florida,Mongolia,Active
a75fab17-cb95-4af2-8fb4-e69788e7aab5,South Laura,Georgia,Luxembourg,Active
e44f003d-8faf-441b-a90c-993808f95657,Floresview,Alaska,Cambodia,Inactive
7bafed97-48d0-4cae-bd8e-7488494459d0,East Andrew,New York,South Africa,Inactive
75c8efb2-2f41-4924-bbb0-b0d31460eb6a,Baxterville,Missouri,Egypt,Inactive
4caaba62-3c74-46da-8fe5-c03d9ee192ad,Johntown,Georgia,South Africa,Active
f12897ea-d769-4865-8913-d51cf55fad73,Port Juliefort,North Carolina,Armenia,Active
1d64521d-57d6-4d85-a029-b8221d416eb4,Cobbbury,Texas,Macao,Active
a30c64d1-0984-441b-8ba1-6520a034f57f,North Ericland,North Dakota,Saint Kitts and Nevis,Inactive
aec67747-6f36-4dda-b638-bdd6a7393cc1,Michellebury,Tennessee,Jamaica,Active
a3382977-4da1-4a20-80a2-833d22414908,Benjaminborough,Alaska,Afghanistan,Inactive
80397e59-a1dd-4a11-92bd-8059dbf3f4e9,Colleenburgh,Illinois,Romania,Active
b4442492-7021-40e2-bbdb-10425a7fcd31,Sandrashire,Florida,United Kingdom,Inactive
a05b6936-c5e5-4c6b-86a1-d63bc42be5f6,Jessicabury,Idaho,Niger,Inactive
7a834727-3459-423b-908f-ef7cad383762,Lake Bryan,Georgia,Japan,Inactive
8486c457-b8e8-4fb6-84a1-c59623688868,Lake Megan,Colorado,Ukraine,Inactive
9dce384b-74c0-4f1e-8c5b-db089689de98,Michaelborough,Connecticut,Sweden,Active
bf59b1a1-a56f-412f-830a-5c4178a08b29,North Leah,Pennsylvania,Antarctica (the territory South of 60 deg S),Active
c340b799-5b2f-45bd-bafa-3205f7e9e0a5,Lake Monica,Wyoming,Tajikistan,Active
3dc558e3-856e-45d6-91c9-4e671ea3c337,Myersview,Illinois,Lesotho,Active
81bcba60-cb4b-4c27-baad-acfbdefc8424,North Daniel,California,Kazakhstan,Active
c86365ec-4393-43cc-b746-ea5ca2dfd37a,East Alisonton,Massachusetts,Tajikistan,Active
075df603-e676-40cf-b383-0bd86b161f02,Larsonmouth,Washington,Lebanon,Inactive
3eaab692-a02f-4702-9c28-98dd5e70e0f5,East Jessica,Nevada,Malaysia,Active
63dc49ef-af9a-45e5-a3fb-f5b0697a93e9,West Coleton,Rhode Island,Puerto Rico,Inactive
412faf26-14a5-44cf-9b06-05148d34e099,Marilyntown,South Dakota,Jordan,Active
a09e00b7-1f93-4984-97a0-b70da6d417ca,Natashachester,West Virginia,Australia,Inactive
b89cd963-5307-4944-a7e3-249c0fa2e4e1,Dennisbury,New Hampshire,Mauritius,Active
1ad0b9d4-922f-4e01-b207-0e8f0b432be8,Lake Bryan,Utah,Saint Kitts and Nevis,Inactive
b941de03-023c-4832-88c7-967d10ec2aba,North Nancyshire,Montana,Cyprus,Active
bb9a90d4-b741-44fe-8f3f-9aaaad5c4318,Stacymouth,Oregon,Japan,Active
e8c2f95e-e3d2-4544-a448-9020f13e6e08,Port Audreytown,South Dakota,Zimbabwe,Active
ea1d69f4-22d3-4b06-8e7a-4726caff32e2,West Lisahaven,Arkansas,Iceland,Inactive
f2b7928a-b5ed-426d-a17b-608033779d39,Herrerashire,Alaska,Moldova,Inactive
cfff7c8f-ded6-4515-9f09-91427f0766bf,Shawnmouth,Arizona,Montenegro,Active
769a706d-43e7-4e11-b5c9-edfbb221d027,Michaelborough,West Virginia,Algeria,Inactive
7c07b8fe-a553-409b-b225-4e3582f07f50,North Jessicamouth,Connecticut,Japan,Inactive
5e84aca7-a70d-49e9-b16c-023e3dcd4c0e,Richardborough,Utah,Somalia,Inactive
18edf6c0-7a3b-4af6-954c-0699e2f96a82,West Randallville,Washington,Timor-Leste,Inactive
0716861a-beda-4878-953a-dd5b2dac856a,Jonathanbury,Illinois,Guadeloupe,Active
d638df20-380b-4a0b-b299-e70799ecadbe,Josephmouth,Missouri,Gibraltar,Inactive
931d4808-d720-4465-82e4-786cb13b6026,New Brittanyhaven,Mississippi,Korea,Inactive
1ed39f9d-d4b8-4141-8fd3-9ba3d2543b8a,Barnesborough,Nevada,Ecuador,Active
d828869c-07c3-424e-b9ef-8d8a73077266,Warnershire,Maryland,Pakistan,Inactive
46e380ec-199d-4e0d-95a7-f89af4c687b6,Clarkchester,Hawaii,United States Minor Outlying Islands,Active
a7806246-bba2-4887-8199-d6190e0453d9,Deleonchester,North Dakota,Somalia,Active
59774360-1a9c-4658-a89a-e8f6b13f3782,Bethanybury,New Mexico,Rwanda,Active
d8ad9062-d3a9-49e6-a3ef-4c33f53f6a6c,Smithmouth,Georgia,Saint Lucia,Active
e4fb059a-a848-4b24-8ecf-fbda9ab48375,East Michaelborough,Indiana,Lesotho,Inactive
1a989901-ee1f-486a-861d-38d55e1313c7,Kevinmouth,Colorado,Myanmar,Active
4b61b482-58c5-43bd-abd4-4d2af883e46f,East Danielside,Wyoming,Wallis and Futuna,Inactive
98b04b2e-7a04-4003-9a5e-492b250e8955,Stevensonchester,Minnesota,Mozambique,Inactive
bc27d449-b02d-4287-aed6-da426db6f09a,Lake Rachelland,Alaska,Antarctica (the territory South of 60 deg S),Inactive
555abe64-be52-45e4-9f15-748b5f0985a9,Tinaland,Colorado,Armenia,Active
ff51b40a-13e5-4f9e-946d-bb825b23cef5,North Amyborough,Massachusetts,Andorra,Active
b185ae8e-e949-4b47-ad7c-85c29a11ebe7,Heatherland,Missouri,Montenegro,Inactive
9fa80a2e-4db0-4f43-971f-47aa48d823a6,Holtville,Massachusetts,Burkina Faso,Inactive
5b728737-739c-41d2-b880-cfecdcdc752d,Jenkinsview,North Dakota,Somalia,Inactive
7c442036-9ccd-4b60-b325-fa4959f7c108,Maldonadobury,Illinois,Iraq,Active
cd7d0e05-e54e-4e47-a9ad-7f21b4b9c6d3,East Marcusview,Louisiana,Gibraltar,Active
b5803f9b-ec17-4fef-a566-376e28673c74,South Bryanborough,Missouri,Cote d'Ivoire,Active
7cd739a1-5542-456c-a184-9d0e01998f29,East Christinaland,Arizona,Peru,Inactive
63cda1bb-268c-4ea7-bb43-a38dfad5ac51,South Sherrytown,South Dakota,Namibia,Inactive
733803f4-5ee7-404e-b3b0-da2550160e18,East Annettechester,Illinois,Dominica,Inactive
00e357a5-53a3-4906-a738-324d92398e9e,North Marissa,Iowa,South Georgia and the South Sandwich Islands,Active
7c3c2570-97b4-46f1-a26b-f289ba6cf3a0,New Phillip,West Virginia,Japan,Inactive
59edd2b6-0352-4007-9836-c093bf761988,Port Ericaland,Arkansas,Timor-Leste,Active
7cf650c7-b341-4a29-a7ae-f72424e4a70d,Mariabury,North Carolina,Fiji,Active
baaacf7c-8455-4a36-a8a1-47a73081b177,Carlamouth,Indiana,Mauritania,Active
b044b83c-115d-4c48-aba4-67df8ab5ccfb,Elizabethborough,Rhode Island,El Salvador,Inactive
7108a5c5-470c-4347-8e2c-ac2e4d858703,North Joshua,North Carolina,Iraq,Active
70c69b0b-a4aa-44a7-bf19-268b91c3fb70,Port Heatherchester,North Dakota,Macao,Active
dbb4ff5a-1f20-4387-8872-0f5f9e180638,Lake Joseph,California,Pitcairn Islands,Active
e1cb5dc3-7387-41ee-818e-91ce03f413fb,South Christineville,Connecticut,Montserrat,Inactive
0261c98c-ba73-471e-abc0-2a7b4951c29c,Justinbury,California,Cyprus,Active
f7f346ba-2be8-4a1e-85cd-2480daa02f58,New Tonya,Texas,Kazakhstan,Active
a63e53d1-595c-46c3-8ad6-fa1be3415860,Port Devinville,Pennsylvania,Barbados,Active
09b7fc9d-c686-4caf-9063-f43c37cdfedc,New Nicole,Louisiana,Cape Verde,Active
70b4077d-b823-4f8c-a9e2-e5cefa4c76c9,West Jessicamouth,Pennsylvania,Timor-Leste,Active
f65434c7-20ad-4b7c-932d-6272d9640eb3,Williamsmouth,Arizona,Korea,Active
7e618490-a58c-482b-a8a8-2a7cc6eee8d0,West Kenneth,Michigan,Egypt,Active
912013cd-a7c1-4a00-9b01-dea3d1d3b057,Lake Loristad,Arkansas,Georgia,Active
ae556866-b3d6-4ef3-ac5d-c884bfca094c,Gwendolynburgh,Illinois,Guernsey,Inactive
e18c372a-8610-40f6-8cbe-27cad219e95b,Lake Maria,New Jersey,Cayman Islands,Inactive
4b9cd64b-a51d-4850-b2ae-9a1e0a4e6e5a,Willieshire,Massachusetts,Montenegro,Active
e8c65608-d4d6-49c5-aa7a-97e543d811bf,Lake Maria,New Mexico,Ethiopia,Inactive
50a93406-2ec1-4370-94a9-6ece19ed84da,Kempborough,Delaware,Belize,Active
d7ad704f-679d-48f9-99e9-4f78fc04a36b,Chelseaside,Nebraska,Cayman Islands,Inactive
be72ebc7-b13c-4d15-8e92-84012b637294,Lake Steven,Minnesota,Myanmar,Active
6ce63850-541d-43ef-88e9-3df5d4988117,Lake Robert,Washington,Cyprus,Active
96461fc2-57de-43e6-8961-e8eb3d2c41d4,South Suzanne,Arizona,Guyana,Inactive
6c908268-c869-40b2-b57f-8b4bce241abb,Cruzbury,Maine,Iraq,Inactive
1fd23536-708e-4ecd-aee1-5b0e45754114,Amberbury,New Hampshire,Venezuela,Active
15105178-92d0-4f5f-9fe6-1020bb0a06f1,New Mary,Texas,Mauritius,Active
1caa72f9-b718-4e5f-85f7-efe8aa58c2ab,Angelatown,Kansas,Holy See (Vatican City State),Inactive
b90528ac-e31a-4495-9f39-2cfa016ebadc,Cookburgh,Alaska,Turks and Caicos Islands,Active
507c0bd3-b128-448d-90ee-eee88825a334,Williamsberg,Alabama,Belize,Inactive
001f5704-1c9c-491d-86dc-ddb7655a6d20,New Brookeborough,Kentucky,Argentina,Active
b5a6eecd-dafb-42eb-ba03-feaa66b851a2,Malonestad,Rhode Island,Guinea-Bissau,Active
1a9416d2-735d-4a80-9fcb-8532fabd8751,Aliciaport,California,Palestinian Territory,Active
aa7d0bf6-8731-4e49-b346-0d8de9d37951,North Colleen,Colorado,Kazakhstan,Inactive
cb27e6db-a5b1-49b2-9d9c-417e8f0541d4,Justinland,West Virginia,Guam,Active
b9ca78dd-54ea-4554-9115-00113c9022ed,West James,North Dakota,Holy See (Vatican City State),Active
e2c09fb4-94bb-4f6d-9dca-d1110d41750d,Scottchester,Nevada,Montenegro,Active
ff473155-1b0f-4589-b58c-97dff1aeac16,Castilloville,South Dakota,Djibouti,Inactive
db35d850-4f01-49fb-b2a0-883df6890186,West Philip,Kentucky,Mauritania,Active
de3da04f-abef-418f-a8c1-a1589131ee3a,Deborahland,South Carolina,Myanmar,Active
6c7fc8cc-f9c0-456f-944a-0bea11afae12,Johnsonchester,Mississippi,Saudi Arabia,Active
d8f28991-9a3f-4d15-a683-4a7ff02e867b,South Kevinbury,Pennsylvania,Netherlands,Inactive
34873c93-4fe8-4a4e-8c29-3c319bac6cb5,Clarkshire,New Jersey,Zambia,Inactive
3a10eee1-fd95-4d2d-9798-0b7de6a61dc4,East Emilystad,Delaware,Portugal,Inactive
7e62e0c8-5a42-44f4-bf76-70529035c231,Seanfurt,Tennessee,Togo,Active
310f22d2-8a34-4c51-8cd0-790508b59043,East Paulburgh,Indiana,Morocco,Active
5ff07c88-3358-4baf-9ca9-a48b9548cf84,Markfurt,Mississippi,Venezuela,Active
e8d12794-9450-40c1-aac7-3dba6451960a,East Mark,Nevada,Armenia,Inactive
6bb6a45a-dccc-4127-8a06-a588da23a0ac,North Chase,New Hampshire,Qatar,Active
e8292a02-5a96-405f-b40d-e91dc69850ec,Danielside,Nebraska,Switzerland,Active
aeca74fb-1786-4c16-b6e0-eb58640cb3b3,New Timothytown,Maine,Turks and Caicos Islands,Active
4881eab1-5a82-443e-99b8-b53098336b8e,Wilkinsontown,Pennsylvania,Mongolia,Active
d5d4be75-2a51-4f79-8e94-0efbdbf39ca9,Smithmouth,Maryland,Botswana,Active
938f9023-bd9d-40aa-8c48-c0dea8e3262c,Barneston,South Dakota,Myanmar,Active
24dfeb56-893a-477d-be2b-ad9d1616b6b7,Kimberlyview,New Hampshire,Sao Tome and Principe,Inactive
cc7c4140-f35c-46a3-a811-2d631ffbf631,West Frank,Arizona,Liberia,Active
84c70072-fa45-4373-887c-6ce626675421,Perryview,Rhode Island,Dominica,Inactive
1f538322-2909-40bd-b2fe-5238fd753161,Griffinside,New Mexico,Hong Kong,Inactive
fb404c75-c152-469b-9342-3f78b99f591d,New Brucebury,North Dakota,Solomon Islands,Inactive
b3119bea-a6ed-481e-92a9-92b8613491d0,North Stephen,West Virginia,Botswana,Inactive
e672024c-0b81-473e-91e8-a2920786dd18,New Tina,North Dakota,Cote d'Ivoire,Inactive
2e9c27f2-d0f4-4877-96f4-f8bd7bbfb9b6,Aliciaberg,Wisconsin,United States Virgin Islands,Active
89fb549d-634d-4662-9234-3b9041e07d3d,Lake Heathershire,Illinois,Saint Kitts and Nevis,Inactive
98e946bb-eb70-4a66-9384-a64e8f893fa3,Jeffreyshire,South Dakota,Martinique,Active
7f2e2a0b-08e7-48b2-8312-8f410949dffa,Yatesport,North Carolina,United States of America,Inactive
7aa9d7b8-8a7b-4c91-b549-698296719c39,Bonniehaven,New Mexico,Korea,Active
92488917-a140-40a3-a5be-a2b31c4bcb74,West William,Florida,Belize,Active
fc1fc4a1-f9f3-4e9f-ba37-845740710fef,West Allison,New Hampshire,Belgium,Inactive
cd6928c5-af03-4b96-913f-f50bbbcb5774,Nathanmouth,Montana,Russian Federation,Inactive
1daeee05-1274-4fbf-906d-e5000d16dd1c,South Juliemouth,Kentucky,Yemen,Inactive
3b75c707-3ce6-4e3f-8db8-291a0eb63ba1,Jonesstad,Tennessee,Ghana,Active
c006f457-2359-4096-975c-0b4c5bdbf8da,North Emily,South Carolina,Cook Islands,Active
63152734-8b43-4a76-9bfc-da574315a3df,North Danielleburgh,Oklahoma,Western Sahara,Inactive
4f817cc6-7c37-43f6-9d90-dddc63066c0f,Jacksonton,New Jersey,Fiji,Inactive
de31c470-94c4-48d2-ab7f-d84fb875d870,Lake Sandrabury,Minnesota,Argentina,Active
19e22341-5b82-4029-9502-73504660a4b6,Lynntown,New Hampshire,New Caledonia,Active
12f2eb59-3eaa-48b1-987a-c3e42e6d1907,West Robin,Missouri,Papua New Guinea,Active
a067e77e-3b8f-4f93-877f-e1587cf3024e,Kathrynmouth,Nevada,Colombia,Active
1c5b4897-39bc-497c-a911-0dc289012986,Wagnermouth,Arkansas,Andorra,Active
1ebec07a-2b86-4843-88f1-572468b56581,East Brenda,North Carolina,Luxembourg,Inactive
fb48580c-f4f9-4a99-8a92-80944a371ede,Howardtown,Texas,Peru,Inactive
822e9a92-4a13-434a-97cf-e2dd1aa6b084,South Collin,Tennessee,Kyrgyz Republic,Active
2cbdf60e-f054-41d0-a578-dd8a625a81ee,South Elaine,North Carolina,Egypt,Active
e5c146a0-7c80-4016-972e-bac67094d1bd,Robertsonton,South Dakota,Burundi,Inactive
1daaced1-7052-48de-852c-87a891467ad4,Port Taramouth,Rhode Island,Ethiopia,Active
7ca24bf7-2064-49bb-a3fb-4ebc5c28b68c,Rebeccafurt,Connecticut,Botswana,Active
ceb1a4fc-6b74-444e-a0f1-6a47c7e18d8c,North Jamesfurt,New Jersey,Vanuatu,Inactive
a3f0e912-5db4-4157-8555-98467c48be2f,North Shannonfort,Florida,Senegal,Inactive
fc1f0e6a-9064-4da7-8b75-439c84a02efc,Port Sandy,Indiana,North Macedonia,Active
6bd3b99f-f71f-4ec0-8d61-5f947b4c210d,New Mark,Iowa,San Marino,Active
e8f81d47-9db2-4b2b-a0d4-a12315aa1859,Jakehaven,Vermont,Lao People's Democratic Republic,Active
06d6ed67-36bf-4689-abbc-83b72b8e40ed,Heiditown,Pennsylvania,South Africa,Active
1b0d5a33-6c05-456a-a804-3e349d52e308,Coleshire,Florida,Senegal,Active
056d128b-a89d-4712-ad2f-a4b812620f3e,Ericchester,Montana,Barbados,Inactive
c5903746-8834-48ce-8bf0-feafcc3862e1,Chanton,North Carolina,Congo,Inactive
5973d568-fc84-4ae3-a17f-ee125c627e10,Jonesbury,Kentucky,Chad,Inactive
bf310be6-e526-4927-a09d-b205ba680087,Forbesborough,Rhode Island,Angola,Inactive
c843f6ad-7bca-43c7-9d8f-55aee9f30991,New Bradleyberg,Washington,Faroe Islands,Active
19d234ea-7c0d-4407-bbe9-69aa20370ef8,West Lisa,Tennessee,Rwanda,Inactive
9e1a6e34-3081-4103-8f75-ac8ba73c6f4e,West Matthew,Alabama,Lesotho,Inactive
e06ca848-dd49-42e7-b6c7-d6fe2e9f48aa,Faulknertown,Arizona,Isle of Man,Active
9f42745b-9304-4f6c-aaf2-986018ded901,Cherylshire,North Carolina,Palau,Active
1ee7d78f-f148-46ba-a485-031859a9634f,Smithville,South Dakota,Switzerland,Inactive
2ca4fa36-7381-4a63-8552-725702c38ae6,Collinsstad,Arkansas,Estonia,Active
2824e3ac-6f4c-4b04-9bf6-da00f81ed8cb,Joshuatown,North Dakota,Liberia,Active
7bfea034-c271-4b1f-bebe-8b26447ddd31,Brooksberg,Maryland,Congo,Inactive
56ee1a2c-a1d5-448e-9446-a3eb6c3bdf9e,Port Jeffreychester,Colorado,Tanzania,Inactive
539b972b-2e72-4473-be19-6274e494869b,Ellismouth,Massachusetts,Tanzania,Inactive
815076c2-9460-4987-a9fc-a9206475e45e,North Darlene,South Carolina,Panama,Active
5671d506-a46e-4ff9-a4ea-e1da8a517905,Port Brenda,Arizona,Syrian Arab Republic,Inactive
35a44ff8-1ec0-4929-aefb-482789c8e993,North Joshuaberg,Georgia,Comoros,Inactive
672b57e8-996a-4b7e-8a66-1e082e89fb22,Yangfurt,Hawaii,Saint Kitts and Nevis,Active
e61fa539-6741-4047-8efa-63a597e0bcac,Lake Laurie,Alabama,French Guiana,Inactive
5f9fc007-cb95-43cb-aad7-94ea628a3b4c,Caseyside,New Hampshire,Israel,Active
35e3a716-8b33-48ae-899c-13528ff6a925,Port Jose,Louisiana,Turkmenistan,Active
3b28d165-7aaa-4833-9de6-85fa2360e7fb,Hunthaven,New Hampshire,Liberia,Inactive
17045998-bcc7-42cd-8409-8714602b46b6,Lake Angela,Indiana,Monaco,Active
54ac2b7c-9c2d-4856-8de3-99dc8aa77e75,East Scotthaven,Oklahoma,Anguilla,Inactive
ffc03d35-840f-4de3-aea8-5fd0194d8383,North Marcusbury,Oregon,Mozambique,Active
1a977ca3-5051-4e07-a6a5-7c00161dd7e8,West Rhonda,Maine,Belize,Active
f3c16eb0-25ac-488e-b9e3-87aa049661c0,Davidville,Florida,Djibouti,Active
b3cf5231-eb2e-413a-a7d3-8f73f38fed79,North Wyatt,Ohio,Tunisia,Inactive
11bdf450-9ac1-48e0-aa1e-d11db292af8d,East Jasonshire,Nebraska,Bahrain,Active
2617a0d4-9fbd-4f4a-a198-bac21931ebe3,New Curtistown,Wyoming,Mauritania,Inactive
9a0daa0f-2d65-44eb-bf08-79ec58daffe8,Jonesmouth,Tennessee,Italy,Active
36e5f7ce-0d0b-4e17-8810-b7a45c8eed09,Andersonbury,Kentucky,Kenya,Inactive
bcd5fd6d-ea13-42f4-9b52-514ee19f148b,Stevenburgh,Iowa,Solomon Islands,Active
790ff048-7369-4eb3-8482-a35bb78f70f2,Thomashaven,Alaska,Belgium,Active
cb64b1c7-3e31-4626-8b2f-91554a30c303,South Randall,Pennsylvania,Jordan,Active
5f7625d5-70a1-409f-9bde-2b57235bad91,Lancetown,Hawaii,Nigeria,Active
3639733c-1afe-4898-a536-4f5dbb4dc39a,South Heatherhaven,Maryland,India,Inactive
3637a811-b74d-4811-8135-7681ca1c3e8f,Tinaberg,Mississippi,China,Active
9798a74c-ca75-4a6e-bbe3-a2639b8d4bd7,Mckinneyton,Kentucky,Niger,Active
9db947e9-ee3c-49f5-b2cb-f0860b37e2f6,West Jonathan,Alabama,Nicaragua,Active
cba788d1-b724-4ea5-b97f-798a991b7625,East Martin,Minnesota,Trinidad and Tobago,Active
8b0b8858-7162-4d81-8e57-0dcbcedaa188,South Eugenemouth,Oregon,Cote d'Ivoire,Active
b9265d45-5a75-4b45-91f2-ddddbcff3986,Richardton,Pennsylvania,Guam,Inactive
946f7c0f-b865-4ab1-a091-6c7df503f333,Harrisberg,Florida,Saint Martin,Active
11f005e4-aa70-470e-9047-dfdf4aafa019,Collinsshire,New Mexico,Brazil,Inactive
a3d48f9c-7499-451d-9657-f567e180499c,South Edgarmouth,Louisiana,Latvia,Inactive
9a1fbdfc-6d4f-406c-a07c-dd2a1a8725cf,West Vickie,Oklahoma,Norway,Active
fb463433-0a5c-46d2-b4f7-d91774f47743,New Robinhaven,Delaware,Martinique,Inactive
6a7ccd7b-9717-4865-b0db-066e33a8facd,Anthonyton,Vermont,Guinea-Bissau,Active
7f4a8ea7-d06a-4d73-95e6-8b05c4ba878d,Andersonmouth,Hawaii,Ghana,Active
f9653e3d-7680-4292-86e4-07e57ef2fabf,Williamsview,Hawaii,Holy See (Vatican City State),Active
8c280073-5eb9-425c-a96a-d5e6212d437f,Cobbville,Minnesota,Yemen,Active
6f50b993-e9a4-4119-81e6-d7b2dc036b07,Lake Katherineside,Massachusetts,Uzbekistan,Active
65926fd3-a961-481f-b03b-9959e804e1f6,Trevinoville,Georgia,Slovakia (Slovak Republic),Inactive
fc87e9dc-eddd-4423-a003-b8b55f41bdaf,Lake Julie,Louisiana,Mauritius,Inactive
60affdc5-8601-4db5-9b1a-32cf4011c12e,West Daniel,Oregon,Rwanda,Inactive
a3ea0b6b-87fa-4da1-bde9-7c78dd4bf6bb,North Adam,North Carolina,Belarus,Active
857f2c57-9751-432d-bcb6-b436f70c12f1,Port Katelyn,Ohio,New Zealand,Inactive
bae5b5bc-ca75-4f9a-b072-98fa140281f1,Gardnerton,Michigan,China,Active
a204b89d-6c41-4d77-9bd9-6d57a1ffd5f3,Murrayberg,Kentucky,Fiji,Inactive
2f55da1d-7255-419a-a2f0-13be666c7c23,Derekberg,North Carolina,North Macedonia,Inactive
fd939526-dc34-4ac7-b5cf-4fb4b66575fd,Gregorymouth,South Carolina,Antigua and Barbuda,Active
37311f13-d5f3-4bfe-89fa-428535d2c3cd,Lake Tylerview,Idaho,Venezuela,Active
31e6eb6e-bd9f-4e27-a9dd-86a6bce6bcba,West Ashleyburgh,Arkansas,Panama,Inactive
c5f2f044-3d31-4f81-b8a4-703adb53a23d,South Kristinport,Georgia,United States Virgin Islands,Inactive
784379fd-4aa8-426e-acbc-bc2b1c15c2b9,Karenport,New Jersey,India,Inactive
c6494296-bbf4-44ff-b8af-8ec17d92c926,New Lisa,Mississippi,Uruguay,Inactive
fc344b3f-e27e-41e8-a2b4-4a77cc7dc3b7,Port Kevin,Colorado,Chile,Inactive
bd5b5fe7-d1d8-4649-a7ab-4b38db104b38,Valerieport,Arkansas,Greece,Active
0023435b-d6a4-47b4-ad9c-c64064679743,Markview,Delaware,Antarctica (the territory South of 60 deg S),Inactive
5a105223-821a-4ece-8d7f-8348b603b3c7,North Veronicaton,Pennsylvania,Slovenia,Inactive
295885b4-1e1c-4d53-9f56-f88097107478,New Robert,Kansas,Bahrain,Inactive
4f09ba2f-44da-4ca9-977e-707953a9731d,Lake Williebury,California,Congo,Inactive
c20a8408-6fc5-4e83-a7a1-245985fc18fd,Lake Robinmouth,Nevada,Turkey,Inactive
097ebad9-bc6d-47cd-83ba-1fb371faac22,Tonimouth,Arizona,Slovenia,Active
7c74074a-61d0-44d9-93a3-f0764616157d,Reyeshaven,Iowa,Nepal,Inactive
34f86da5-dce1-44b5-a9f2-f551e8c1f7a5,South Denise,Iowa,Libyan Arab Jamahiriya,Inactive
70de1cfe-a8df-4bba-b25d-0a4d7a747c94,Briggsview,New Jersey,Serbia,Inactive
71c7edbe-55fe-4a6f-b48c-b375cb89edad,New Misty,Ohio,New Zealand,Active
eec70b0a-b24a-4e5d-89b9-5de0c8478b2d,Kington,New York,Seychelles,Inactive
22ddc648-c4b1-4844-aea1-ad4d1a3e7e85,Arroyoburgh,Arkansas,Seychelles,Inactive
48138341-eba0-4f17-a42e-e54380635b90,East Amanda,North Carolina,Antigua and Barbuda,Active
0a93303e-51ff-466d-8794-b7064d51992e,Hessmouth,New Jersey,Central African Republic,Active
4f6d75bb-a509-40cf-84a3-ecbaf7ce74a9,Jonathanview,Texas,Saint Pierre and Miquelon,Active
9bca51dd-c926-4d7f-b310-66919dcad44b,Lake Juanfort,New Hampshire,Saint Lucia,Inactive
0ffcb063-7f0f-4b3e-a29d-988c5e35060f,North Timothy,New Jersey,British Indian Ocean Territory (Chagos Archipelago),Inactive
14bcb49e-ee9b-4fd6-a4c4-6e1487b4c7df,Lake Nicholasport,Oregon,Iraq,Active
2c0c1d4a-8711-4783-bc9c-a2e6dcb00591,New Michael,Rhode Island,American Samoa,Inactive
237187b9-4142-46c9-a94f-aac9b09494d7,Lake Hannah,Rhode Island,Myanmar,Active
3e13f7bf-2766-4f28-9e48-6508bb4d9e47,Meyerfurt,Nebraska,Martinique,Inactive
299126d3-35b4-429e-a952-8de5a4857f7b,Chambersfort,Rhode Island,Saint Kitts and Nevis,Active
60e34e7d-7f73-4d93-b121-84e6715810a5,Port Meghan,Maryland,Palau,Active
e7b3389d-eede-4786-9f77-f21a6374cb52,Wilsonside,Michigan,Brunei Darussalam,Active
132971fa-00f9-428d-8dfa-7fd1fcc08e45,South Josephtown,New Mexico,Ireland,Inactive
2432258f-fc07-42e0-b38c-5938c53de3a7,Lindseyland,New Hampshire,Myanmar,Inactive
dd51b902-4b74-404c-b550-4872f70ab53c,Lake Teresa,Oklahoma,Croatia,Active
a0279dec-44da-48ae-97b9-c56d1d78654f,North Michael,New Hampshire,Lesotho,Inactive
17178f98-0c20-41f8-be72-f9508322971d,Stephanieberg,California,Hong Kong,Inactive
6d72f8a8-0799-4ccb-aa7b-3c56dba189d4,Port Paula,Illinois,Kyrgyz Republic,Inactive
f6ab341f-2cd5-4a76-a9dd-bcd5f147438d,New Stephanie,South Carolina,Dominica,Active
1a0f5279-843b-44f9-8f48-bd4e44a8f7b5,Jonesview,Ohio,Italy,Inactive
0ccaf3cd-44a6-43ac-9c9c-5de8412e6268,Bruceberg,Utah,New Zealand,Active
e63f4906-2db5-4e45-8b22-07b94ea2e609,Michaelbury,Kansas,France,Inactive
a6f2ef59-117a-4159-b92c-cc3dc3237933,South Kimberlyhaven,Massachusetts,Samoa,Active
2accdaac-a7b5-4771-b2e4-e6d2aca5ab6b,Port Carrie,Mississippi,Andorra,Active
48d7d051-bf9e-47e2-8302-8364ddf6ecd4,South Jacob,Alaska,Kenya,Active
f4bdf0ee-ca2d-4732-ae03-4fca1add20f7,North Raymondstad,Ohio,Guadeloupe,Active
bddcaf00-14bc-4354-8b59-574b9de97736,Rileyside,New Hampshire,Burundi,Active
5da120e1-2d48-4828-8c26-873929cb3e44,Halemouth,Arkansas,Nauru,Inactive
4ecc68bf-73a1-4267-ae5d-ce73076cb0bf,Lake Jennifer,Arizona,Somalia,Active
7742fe31-c094-412f-9571-6e64f24575c9,Caitlinport,Florida,Svalbard & Jan Mayen Islands,Active
128e6a5a-47ce-4b18-8e0d-3893148612d3,Lake Johnside,Connecticut,Bermuda,Inactive
b0749469-5af4-422d-8a58-aa5f531d4dbb,Lewismouth,Arkansas,Sudan,Active
533b6c81-3dcc-4e0c-ae21-64402c48feaf,Lake Evan,Idaho,Cocos (Keeling) Islands,Active
e65054b2-d9e6-43d7-93d3-c48542b78121,Armstrongport,New Jersey,Burundi,Active
dfe634d9-9246-4fd1-b0fd-2c3b561fa7e1,Medinaville,Georgia,China,Inactive
b961826b-f57d-4078-bac1-daf5b31c7954,South Alexander,Indiana,Lithuania,Active
3bfebdda-eccc-4cc3-8a4d-e8b9f307ad1d,Ginamouth,Arizona,Ghana,Active
c7e04338-8340-4f52-8e09-9db325c94a78,Morganburgh,North Carolina,Congo,Inactive
3c09f005-1d71-4148-a6b6-757b754c274a,Mercadohaven,Alaska,Israel,Inactive
cb0983b9-2772-478b-b1bf-f45bf7bad62b,West Caroline,Wyoming,Egypt,Inactive
be216c25-48d2-43f7-80ee-49e888a86075,North Matthew,Rhode Island,Marshall Islands,Active
a3ead6df-5970-44f7-a6ad-f525c0570482,New Christopherton,Mississippi,Estonia,Inactive
c1d7a075-0de4-490b-b8f7-f56a22161c0d,North Lesliefort,Minnesota,Uzbekistan,Active
394a634c-2edd-4abc-bf4c-2a1469ac42f9,Alicemouth,Pennsylvania,Moldova,Inactive
4e56da68-68d3-4045-975f-48e1e95d3851,Port Darrellview,Indiana,South Africa,Active
5ccc3b2d-34c9-4218-98f6-8bebff7f9ff7,South Jeffreytown,Arizona,Barbados,Inactive
ff9b119e-e7c6-4ee6-bffd-a93697b6dd8b,Hendersonmouth,Alaska,Serbia,Inactive
576c5f2d-e4b2-4eec-9761-1adbd3dee551,South Briannaton,Michigan,Falkland Islands (Malvinas),Active
dfb09aff-24db-4095-9cf8-cfecb5f16986,Lake Angela,Wisconsin,Turkmenistan,Active
de9417da-aa55-4ea1-b598-df6284cfe727,Lake Codyfurt,Maryland,Haiti,Active
d5e9a70e-2cac-4543-8618-9a4eb1a65520,Curtismouth,Alaska,United Kingdom,Active
82ec41fb-7efe-44b6-99cb-6303aa743640,East Nancy,Delaware,Isle of Man,Inactive
9807aeb5-4509-4e56-b7bc-418d71985e39,Denisetown,Wisconsin,French Guiana,Inactive
4774e1f0-b4f1-45b5-811d-a444fe127fdd,Kylefurt,Nevada,Haiti,Active
89d2ae5a-5965-4d6b-964c-312e9914e546,Mccarthytown,Colorado,Armenia,Active
03442a4f-76ee-4f55-938a-a5027839edb7,West Jeff,Utah,Kuwait,Active
984f5228-7281-4fa5-a9e6-1a5979e5cdc8,South Taylor,Michigan,Armenia,Inactive
a42883e1-27e8-4959-ab06-6f9ffb477f59,West Tabitha,Maryland,Falkland Islands (Malvinas),Active
a91cbe1b-2937-4d42-a4ee-51f9b33ccb67,Port Jennifer,Delaware,Haiti,Inactive
bb6f4fd5-24a4-4640-89a9-91f17be3b904,Lake Todd,Colorado,Lebanon,Inactive
08580642-baf2-443a-85a8-e001112c69a6,Port Henry,North Carolina,Cameroon,Active
cd7d9618-c349-4d09-925f-37906babddd6,North Jacob,Hawaii,Mongolia,Inactive
80f6d5af-4b25-4e2d-8fd4-08a6a632bc4a,Snyderville,Kentucky,Egypt,Inactive
b99cfd23-8cd8-4dcb-ac0b-14a089e3564c,Littlefort,Maine,Australia,Inactive
9a3174f8-89b5-4009-a528-4299981503e4,East Jessica,New Hampshire,Denmark,Active
83fab07f-6c97-4ef0-a960-52a956625e5f,North Amy,Maine,Cook Islands,Inactive
37b73817-3bb3-4872-8d10-d0cd782ef4b4,Millerfurt,Massachusetts,Korea,Inactive
d670c90c-3c24-4461-8f42-7fc4d9e2eacd,Tuckertown,Indiana,Canada,Inactive
91243da7-373a-498c-ad39-23c2da7ec1ba,Harperchester,Missouri,Greece,Active
0c88f581-08e2-43b3-9f61-4c7c1649c237,Stephensland,Colorado,Bouvet Island (Bouvetoya),Active
bf991da0-ece8-4cdb-a1a0-4666964b6407,Davidview,Georgia,Egypt,Active
fc952da5-4a96-44e5-8023-81907a28a9a9,Chadchester,South Dakota,Vanuatu,Active
8c2eeaaa-cead-4d8b-b4b9-3091071f4efc,Davisstad,West Virginia,Russian Federation,Inactive
cbf46312-2e5c-46f2-9d5d-d67d589b96a1,Harrismouth,Missouri,Poland,Active
1f47e18d-7ba9-4176-a9b9-6c4d89437406,North Kim,South Dakota,Egypt,Inactive
15ccfb91-f7ac-454b-963d-0fa05f1ee4a1,New Jenniferstad,New York,Togo,Inactive
77a2373b-7aa2-40e6-a3da-8294ac9a95b4,West Cynthia,Massachusetts,Romania,Active
63069a3e-a3d2-44d8-ad4c-f4fa626f35a3,Moraleshaven,Tennessee,Mauritius,Active
1b5d3d80-8dc5-401e-931a-dcd2fdf0d545,Danielton,Montana,Guam,Active
eb1f5f67-bd92-48b5-9f1e-b0bed6ee4a09,Clarkfort,Missouri,Andorra,Active
ac7f2dc2-ffb8-480a-8664-cf8beb0ed8ac,Kennethland,Florida,Dominican Republic,Inactive
0085afa9-1d95-4586-8d60-d666d2a4607e,East Seanberg,North Dakota,Guadeloupe,Inactive
6bd16f39-a6b4-410e-b23d-86ce5fc8a60e,Ashleyside,Utah,Greenland,Inactive
32db8f16-325b-4e66-8e3f-873c30012887,Kathleenfort,Washington,Paraguay,Inactive
bede5511-56a8-4ec4-aaaf-f67341527e83,East Regina,Nebraska,Cyprus,Active
93ea09c0-1e88-466f-a0bc-e838546f8ad4,Port Ryan,Minnesota,Dominica,Active
486818df-5331-47cb-9fc0-e01271a00f5d,East Oliviamouth,New Hampshire,Bouvet Island (Bouvetoya),Inactive
b3ea5815-12c3-45a2-b3c8-89c5548b5cc0,East Williamchester,South Dakota,Tunisia,Inactive
3554eb76-d4c5-4565-ba6b-74b8b6dab90f,Morganchester,Delaware,Macao,Inactive
692c6d02-3958-4c35-8241-5f268e11d204,Reeseborough,Illinois,Uganda,Active
be8ad914-2492-411d-b83f-87a3ea765968,Mezashire,Virginia,United Arab Emirates,Inactive
1ce07fe0-828e-4d94-a1ff-e1411b40bdef,Stevenshire,North Dakota,Panama,Active
0ae692e2-38ea-4a7c-a93b-3e4e143bb95f,Karltown,Hawaii,Central African Republic,Active
0c47bab5-c283-4d5e-96c9-166f417fb091,South Shelly,Louisiana,Argentina,Inactive
9d24d480-87ca-41c8-948f-19813d2e220e,New Hannah,California,United States Virgin Islands,Inactive
8fa5da1b-3d82-406a-a5ca-604ca6401381,Nicholasville,Kansas,Russian Federation,Active
433e2a46-77e8-4ceb-aef9-84bd9d20b919,Robbinsland,Virginia,Liechtenstein,Active
122e696c-646b-4996-9104-f98c71dab962,Crystalville,Delaware,Iceland,Inactive
50eb9ffc-f6e3-446a-a661-010e7ad1973d,West Vincentshire,Iowa,Anguilla,Active
8009d77e-3fef-47ea-8e80-3aa54fd48a41,Davisfurt,Michigan,Svalbard & Jan Mayen Islands,Inactive
bd82d0e1-a212-426e-81ba-663efe6d1bc7,North Bethfort,New Mexico,Reunion,Inactive
a35353c2-00c3-4893-88c2-ce81094c1597,Morenoshire,Vermont,Timor-Leste,Inactive
d34fca6b-26a9-4982-8974-30edc1f40944,East Chad,Washington,South Africa,Inactive
b888d03d-fa48-4eb6-a28d-9dfa88c61e91,Fisherburgh,Tennessee,North Macedonia,Inactive
e255705a-d265-4cea-87a8-d8ac10fce7a0,Hortonbury,Kentucky,Isle of Man,Active
f00d7473-dca4-45d1-bb18-0672028bf861,North Chelseystad,Oregon,Lao People's Democratic Republic,Inactive
08f578ec-5984-4691-a270-e25f031394d7,Kellymouth,Connecticut,Iran,Active
84383403-2149-4aa9-b3e0-f3da0262f366,Lisaborough,Mississippi,Bosnia and Herzegovina,Inactive
ed0aa97e-d85b-4a61-9e1a-9e2f01117eb1,Port Rachel,Maryland,Western Sahara,Active
42b37a21-a4c3-4fc7-bbd3-6253fccdec08,East Joseph,Washington,United Arab Emirates,Active
b19f2651-2dce-461d-8dc9-8f05d154d731,Williammouth,Washington,Palau,Active
790ca34a-9b5e-4cff-9bdd-0a1203291989,New Julie,Hawaii,Cambodia,Active
eb3b7907-d69f-4368-9107-1252034b5b26,New John,Oklahoma,Israel,Inactive
083a2329-0059-42f4-88a1-e3c0a2e6e9b7,Lewischester,Iowa,Kazakhstan,Active
29a8ba9e-6947-48be-befb-a1472a752b2e,North John,Utah,China,Inactive
2fd7ac54-6f2f-48ff-b4b3-9a8197ee64f6,Aliciastad,New Hampshire,Honduras,Active
95e376dd-47a3-401d-a064-3f8abae7b718,Colleenborough,North Dakota,Zimbabwe,Inactive
a2743646-f793-4bbd-8c5f-0f638f364656,New Donna,Kentucky,Albania,Active
adec5058-b016-4936-b1f1-53e46447c3c2,North Robert,Michigan,Macao,Active
fcfb09b0-ce28-43bd-93e6-8d01947fdd52,South Brandonfort,Oklahoma,Slovenia,Active
0ce66b26-dddb-4282-b3d6-1e79072b2547,North Robert,South Dakota,Korea,Active
933d2baf-4093-4f84-b94b-b8c992eb153f,Brittneychester,Tennessee,Guyana,Active
df21b13a-dc15-4443-9273-610c6b531fc3,Lake Terrymouth,Wyoming,Anguilla,Active
dff8e559-9f59-4e8b-83ec-10412d57ffa2,Lake Krystalshire,Indiana,Albania,Inactive
e228fbf1-09a2-4a4c-aeba-3ee9065bc09a,West Emilyfurt,South Dakota,Fiji,Inactive
10938505-307b-4bbf-9571-e39790944b05,Shieldsview,Wisconsin,Faroe Islands,Inactive
97a55e1c-9a14-4548-8307-e0e09801e8f4,Gregorytown,Alaska,Ethiopia,Inactive
98d95ef3-54ec-4966-a372-72e4af39b39a,Port Sarahborough,Florida,Iran,Inactive
518b9be6-ec72-4050-85e1-6a92cf0c259f,Kimberlyborough,Michigan,Norfolk Island,Active
5d157834-46ad-4d9d-82c6-54ad86fe7d27,Mcdonaldfurt,Delaware,Gambia,Inactive
2a2795da-fc27-4ead-9f98-2b6355adfea5,Jenniferfurt,North Carolina,Jordan,Active
e06bc11e-8be8-4e51-9a0c-8707803543c5,Jenniferhaven,South Carolina,South Africa,Active
0deada1e-14a1-48e0-92a9-b8500de4b8d0,New Carlos,Wyoming,Latvia,Inactive
23b9980f-8bcd-4223-b881-b1fe154c144d,Lake Gina,Vermont,New Zealand,Inactive
fdbfb093-789a-4229-a381-d53a9eae98cd,Jonhaven,North Dakota,Paraguay,Inactive
2bb63ecf-8367-4985-8b81-004a2158a1f8,New Samuel,New Jersey,Zambia,Active
4db9a864-5ef5-47a0-8387-42227af0646b,Lake Samanthaville,Connecticut,French Guiana,Inactive
e9636665-a543-4c33-8779-e9838330bd2b,Mcbrideberg,Indiana,Jamaica,Active
46f9cf39-9185-41ce-9523-97181dd11001,New Laurieview,Wisconsin,United States Virgin Islands,Active
5b1f427a-7125-4fcd-be77-0bec07912553,Jessicaland,Ohio,Azerbaijan,Inactive
69e34be2-6256-43f9-a587-eb680f553256,Erichaven,Illinois,Andorra,Active
1ce489fb-8035-496c-af78-b49e310a293a,East Aprilview,Indiana,Honduras,Inactive
0f71737f-3d95-497b-8adf-ba2486bb0f5a,West Ginaview,Minnesota,Pitcairn Islands,Active
a80c7bab-9f7b-48f3-8122-d97f3bda0f53,Payneborough,Vermont,Botswana,Active
1c92727c-67b7-4425-9c0a-c0f0c7478531,Stephaniefort,Nevada,United States of America,Active
0ae13461-c7c2-475c-84b7-baf56b354fbd,Michaelmouth,Missouri,Algeria,Inactive
1af28a60-e6b7-44ac-8a33-b1da12b10ff2,Danielbury,South Dakota,Serbia,Inactive
40c002da-31bc-4c1c-b15a-2b7cc5d3df59,Davidchester,Georgia,Zimbabwe,Inactive
7f420c3f-77bc-48fc-8ad0-842cc7de3865,Ericside,Georgia,Afghanistan,Inactive
99e4eb51-3f75-43a8-8c39-af206d9c4884,Nancybury,New York,Cocos (Keeling) Islands,Active
cd836382-829e-46cd-af72-22d1b4eb78a0,Juliashire,New York,Congo,Active
c4cf7bac-f18e-430d-9f02-d7da43099911,West Timothystad,South Dakota,Saint Lucia,Inactive
d80d35c1-c8cd-479b-9a34-11745faae259,Kramerville,Ohio,Portugal,Active
92352313-7012-4ff1-acaa-67a4691f81a1,New Johnathan,Maine,Western Sahara,Inactive
a60b8e78-1e8f-4ffd-b77a-1ede83e37aab,Lukeside,New Jersey,Greece,Active
60361738-2223-4dcf-b8ae-9b68420e1f39,Taylorview,Connecticut,Myanmar,Active
64d2aba9-35c8-4437-85bc-396c00c38e56,Barbaramouth,Arizona,French Polynesia,Active
7702554f-8696-4c9c-99f0-25c92b8205d1,Port Earl,Oregon,Jordan,Active
dd06b2d8-0df2-41f6-bd58-c30c88fc0152,Rogerside,Vermont,Norfolk Island,Active
b77591a8-3645-418d-9564-92a3e1cbfd65,Hubershire,Alaska,Luxembourg,Inactive
535a4413-e91e-40c2-9106-8cc9c2792f98,West Derrick,Montana,Samoa,Inactive
5d7793b7-cc61-4266-80bd-514261cc6f12,Mercerland,Vermont,Iraq,Inactive
30323502-8e17-41df-9961-26e61f284ba0,Port Alexanderville,Nevada,United States Virgin Islands,Inactive
ef62e3b3-2774-420f-ad3b-44f4b1be0e00,South Bridgetstad,Montana,United Kingdom,Active
a5bec291-2b6c-46ab-b028-35e7d2fccac4,Lauraport,Colorado,Luxembourg,Active
4af8d089-3903-464c-8a7d-55299b016724,Bennettmouth,New York,Sri Lanka,Active
9bab47e8-ca53-4b3f-9221-5dca40bceb34,New Katelyn,Washington,Faroe Islands,Inactive
f6e02633-eed2-4aaa-bc97-ab09398314df,Kimberlymouth,Montana,Uruguay,Inactive
78392363-4b9d-463e-a1c3-6caba79796fd,Atkinsstad,Iowa,Saint Kitts and Nevis,Inactive
97f520d6-2068-48e6-a785-13480f0fdbfa,Lake Andrewfort,Delaware,Palestinian Territory,Inactive
2e42c148-e2e4-42ac-b06d-facdef283da8,Morganmouth,Wyoming,Philippines,Inactive
49f767a2-311e-4d92-9575-3ac70bcfaeb3,New Benjaminbury,Washington,Dominica,Active
2e978fca-952f-4c37-997b-0d519f8e47ee,South Ashley,Rhode Island,Uganda,Active
27c80b65-3f50-4853-994d-05226d7d777b,Harveytown,Idaho,Guyana,Inactive
a7b67595-02cf-41a7-923f-deb3849387b0,Hallton,Hawaii,Saint Barthelemy,Inactive
01b7592d-5e0a-47cd-b566-ab0bd2179765,West Timothy,New Hampshire,Guinea-Bissau,Active
49c06211-db41-44cf-916d-75b64c4cb6a1,North Jamesfort,Washington,Namibia,Inactive
19dc0506-417a-4170-9408-726520452d86,East Lee,Louisiana,Mongolia,Inactive
d1df4786-d208-4678-941e-95fb78c1d32d,New Williamberg,Illinois,Paraguay,Active
d96d04f8-8968-4a4e-b3f1-076c28a97030,North Carlland,Alabama,Wallis and Futuna,Inactive
f74e8ed9-e3fe-402d-9442-0018fae5201b,Hudsonbury,Michigan,Niue,Active
439c4910-1bca-4723-a4e5-ee3cb22b4ee4,New Leahstad,Maine,Singapore,Active
dfc66de5-d662-4cc0-938f-2ff411280f2d,Lake Laurabury,Virginia,Djibouti,Inactive
d6fa9655-38a9-40a1-a821-36e722340371,New Tracyport,Massachusetts,Lebanon,Active
0e3527a2-aeae-41e9-8c50-8fcda22cb0fd,East Stephen,Connecticut,Moldova,Active
e5f76e7b-f010-42a4-a633-53866a73fc4a,Lake Danielle,Utah,Latvia,Active
473c7857-d1c6-4be3-b10a-61ac6b7e3f83,Bethton,New Hampshire,Mauritania,Inactive
f86c0102-fd74-4031-a8e8-fb5711a09558,Lake Ashley,Arizona,Greece,Inactive
f819f691-98b2-4d4d-9583-081676079300,Port Lisaview,North Carolina,Australia,Active
39eee664-edda-4a28-a695-788f62e68287,Bradleyfort,Michigan,Puerto Rico,Active
e3df1162-8c74-44b4-90f6-18889e96b02b,Diazhaven,Arkansas,Turks and Caicos Islands,Inactive
f542a5e8-09d2-448a-8a9c-2a2ef404e715,North Jenniferhaven,Delaware,Heard Island and McDonald Islands,Inactive
82e11918-1848-4989-9596-17d0d47939f0,East Robertview,South Carolina,Liechtenstein,Active
00f179fc-72d4-43ce-9aae-30d67cdbc7d7,Tonyfort,Tennessee,Cambodia,Active
0ad958da-9f49-4d11-91a0-f04f049abda0,Port Brenda,Alaska,Angola,Inactive
e823a749-8ced-41f0-a2e3-d1e625fed0f0,Port Robinside,Idaho,Mauritius,Active
24a8a2c1-9fec-432c-bb7f-9be22dd12ece,Salazarchester,Delaware,French Polynesia,Inactive
2e60e42f-1e77-4836-9c0c-395c98caec48,Lake Timothy,Minnesota,Dominica,Active
e28be250-e381-4c1d-81d7-1f3f60545ca9,West Rachel,Kentucky,Martinique,Inactive
bd5e1178-317f-4640-a419-6b4a1a53ab29,Johnshire,Vermont,Jordan,Active
36b96529-e5e3-430a-bb78-25dbb45bbfab,South Lesliebury,Nevada,Kyrgyz Republic,Active
49e48647-7329-4e6c-8e34-c8e1a01f839f,West Josephland,South Dakota,Congo,Active
b37e41a2-b8f2-484e-bb13-9907eaef46e4,Ortiztown,New Hampshire,Eritrea,Active
7f7fb394-f883-45c8-a4f2-f70d2849d35d,Meyershire,New Jersey,Burundi,Inactive
7c5dc4d8-06b0-43ac-bef3-a63ab0fd387f,Port Thomasshire,South Carolina,Uzbekistan,Active
d3bdb522-8404-47b1-8737-3502b6aeb46c,Robertview,West Virginia,Malawi,Inactive
f6fcf0cf-b07d-4055-bd3e-40bd63e6f953,East Tiffanyside,Texas,Wallis and Futuna,Active
cdbee003-b1cf-4e1d-b1bc-f8cbddb33872,New John,Idaho,Gabon,Inactive
98e60970-582e-4091-ae09-04dddd96555c,Zimmermanburgh,Tennessee,Svalbard & Jan Mayen Islands,Inactive
4c82e12e-f724-486d-a4cd-8698e6eddfd2,East Christineshire,Colorado,Cayman Islands,Inactive
aee997c9-35bf-4f56-ae84-f3fdf083c842,East Jeffrey,Georgia,Norfolk Island,Active
38263209-c7dc-4ecf-b991-794cc897c832,Stevenborough,Kansas,Syrian Arab Republic,Active
2e81189a-6fc8-4615-a80b-160772650d91,Julieburgh,New Jersey,Iceland,Active
56eb0211-0052-4c17-9bbe-aabf2a8430e1,Port Mikefort,New Jersey,Malta,Inactive
3aa4055c-5ad2-4a87-80e5-95c81563158b,Tatemouth,Rhode Island,Guernsey,Active
c2158b21-6bbf-4863-a649-b014fbbaede0,Herreramouth,Nevada,Burundi,Active
6b837142-5ea2-416b-8334-27dfd6224c95,Jeffreystad,Washington,Uruguay,Inactive
6f98d752-9ccd-457c-946f-c9e182a5b3d6,Jonesland,Kentucky,Equatorial Guinea,Inactive
869cc1a4-ccf5-4ac6-a4e3-25b19003d06b,Armstrongmouth,Rhode Island,Fiji,Inactive
2ef251af-f3a0-4111-9d94-4d4aed51f00d,Port Jasonview,West Virginia,Algeria,Inactive
d641cf1c-4047-44d8-b146-2c35f956a9ed,Charlesberg,Iowa,Lesotho,Inactive
1bb0f4ec-bb62-4390-b3f3-057294f94e32,Leshire,Pennsylvania,Saint Barthelemy,Active
8d8eed1c-1bb8-4ccc-b46b-9ce256914436,New Mark,Iowa,Turkmenistan,Inactive
05ed380d-93c1-4efa-bd8a-228668884527,Morenomouth,California,Slovenia,Active
1df973bb-7eab-4fa5-8d72-72a67485c416,New Diana,Wyoming,Kenya,Active
ce60f109-af9d-45b2-a6c5-43b432d3ef02,Nelsonside,Montana,Italy,Inactive
0ffad01a-d31a-4403-b817-df75e8f5a5d9,South Debraside,Louisiana,Tanzania,Active
28655593-5d77-41ff-87bf-419c57f8144b,Stephenstad,Connecticut,Bulgaria,Active
